-- MySQL dump 10.13  Distrib 5.7.17, for Win64 (x86_64)
--
-- Host: 127.0.0.1    Database: athena_decorate_progress
-- ------------------------------------------------------
-- Server version	5.7.21-log

/*!40101 SET @OLD_CHARACTER_SET_CLIENT=@@CHARACTER_SET_CLIENT */;
/*!40101 SET @OLD_CHARACTER_SET_RESULTS=@@CHARACTER_SET_RESULTS */;
/*!40101 SET @OLD_COLLATION_CONNECTION=@@COLLATION_CONNECTION */;
/*!40101 SET NAMES utf8 */;
/*!40103 SET @OLD_TIME_ZONE=@@TIME_ZONE */;
/*!40103 SET TIME_ZONE='+00:00' */;
/*!40014 SET @OLD_UNIQUE_CHECKS=@@UNIQUE_CHECKS, UNIQUE_CHECKS=0 */;
/*!40014 SET @OLD_FOREIGN_KEY_CHECKS=@@FOREIGN_KEY_CHECKS, FOREIGN_KEY_CHECKS=0 */;
/*!40101 SET @OLD_SQL_MODE=@@SQL_MODE, SQL_MODE='NO_AUTO_VALUE_ON_ZERO' */;
/*!40111 SET @OLD_SQL_NOTES=@@SQL_NOTES, SQL_NOTES=0 */;

--
-- Table structure for table `area_view`
--

DROP TABLE IF EXISTS `area_view`;
/*!40101 SET @saved_cs_client     = @@character_set_client */;
/*!40101 SET character_set_client = utf8 */;
CREATE TABLE `area_view` (
  `id` varchar(32) NOT NULL COMMENT '编号',
  `pro_id` varchar(32) NOT NULL COMMENT '项目id',
  `zone` varchar(64) DEFAULT NULL COMMENT '区域名称',
  `camera_id` varchar(32) DEFAULT NULL COMMENT '摄像头编号',
  `camera_secret` varchar(32) DEFAULT NULL COMMENT '摄像头密码',
  `camera_adress` varchar(32) DEFAULT NULL COMMENT '摄像头地址\n',
  `camera_sn` varchar(32) DEFAULT NULL COMMENT '摄像头序列号',
  `camera_safe_code` varchar(32) DEFAULT NULL COMMENT '摄像头安全码',
  `remark` varchar(128) DEFAULT NULL,
  `created` timestamp NOT NULL DEFAULT CURRENT_TIMESTAMP,
  `updated` timestamp NOT NULL DEFAULT CURRENT_TIMESTAMP ON UPDATE CURRENT_TIMESTAMP,
  PRIMARY KEY (`id`)
) ENGINE=InnoDB DEFAULT CHARSET=utf8 COMMENT='区域查看表\r\n';
/*!40101 SET character_set_client = @saved_cs_client */;

--
-- Dumping data for table `area_view`
--

LOCK TABLES `area_view` WRITE;
/*!40000 ALTER TABLE `area_view` DISABLE KEYS */;
INSERT INTO `area_view` VALUES ('bdd8a1904f4e44f3acb316400fac6321','f55fc0407ee744c78d94664591abbc51','客厅','lc858a9c96335b40f7','5bcf9b4d03fb4e41a0ec1d7c0044fd','openapi.lechange.cn\\:443','4H074BAPAJEE513','athena',NULL,'2019-03-06 07:53:15','2019-03-08 08:16:54'),('bdd8a1904f4e44f3acb316400fac6322','f55fc0407ee744c78d94664591abbc51','厨房','lc858a9c96335b40f7','5bcf9b4d03fb4e41a0ec1d7c0044fd','openapi.lechange.cn\\:443','4H074BAPAJEE513','athena',NULL,'2019-03-06 07:53:15','2019-03-08 08:16:54'),('bdd8a1904f4e44f3acb316400fac6323','fef147a3238f4bb2a24f9f0ebe5b4ade','测试一摄像头一','lc858a9c96335b40f7','5bcf9b4d03fb4e41a0ec1d7c0044fd','openapi.lechange.cn\\:443','4H074BAPAJEE513','athena',NULL,'2019-03-06 07:53:15','2019-03-08 08:16:54'),('bdd8a1904f4e44f3acb316400fac6324','fef147a3238f4bb2a24f9f0ebe5b4ade','测试一摄像头二','lc858a9c96335b40f7','5bcf9b4d03fb4e41a0ec1d7c0044fd','openapi.lechange.cn\\:443','4H074BAPAJEE513','athena',NULL,'2019-03-06 07:53:15','2019-03-08 08:16:54'),('bdd8a1904f4e44f3acb316400fac6325','bb402413b6974830a29fafb8dc19cf77','测试二摄像头一','lc858a9c96335b40f7','5bcf9b4d03fb4e41a0ec1d7c0044fd','openapi.lechange.cn\\:443','4H074BAPAJEE513','athena',NULL,'2019-03-06 07:53:15','2019-03-08 08:16:54');
/*!40000 ALTER TABLE `area_view` ENABLE KEYS */;
UNLOCK TABLES;

--
-- Table structure for table `change_record`
--

DROP TABLE IF EXISTS `change_record`;
/*!40101 SET @saved_cs_client     = @@character_set_client */;
/*!40101 SET character_set_client = utf8 */;
CREATE TABLE `change_record` (
  `id` varchar(32) NOT NULL,
  `proc_id` varchar(32) NOT NULL COMMENT '流程id',
  `change_content` varchar(256) NOT NULL COMMENT '客户需求变更\n',
  `change_time` timestamp NOT NULL DEFAULT CURRENT_TIMESTAMP ON UPDATE CURRENT_TIMESTAMP COMMENT '变更时间\n',
  `change_reply` varchar(256) DEFAULT NULL COMMENT '装修回复内容\n',
  `notice` int(11) NOT NULL DEFAULT '2' COMMENT '通知 1.新消息 2.已读消息 ',
  `reply_time` timestamp NULL DEFAULT NULL COMMENT '回复时间\n',
  `reply_type` int(11) DEFAULT NULL COMMENT '回复类型\n',
  `remark` varchar(128) DEFAULT NULL,
  `created` timestamp NOT NULL DEFAULT CURRENT_TIMESTAMP,
  `updated` timestamp NOT NULL DEFAULT CURRENT_TIMESTAMP ON UPDATE CURRENT_TIMESTAMP,
  PRIMARY KEY (`id`)
) ENGINE=InnoDB DEFAULT CHARSET=utf8 COMMENT='需求变更记录';
/*!40101 SET character_set_client = @saved_cs_client */;

--
-- Dumping data for table `change_record`
--

LOCK TABLES `change_record` WRITE;
/*!40000 ALTER TABLE `change_record` DISABLE KEYS */;
INSERT INTO `change_record` VALUES ('02dc62d89f794fadad2d10847de9e5d2','6ff0311d9ddb493f87ac4d41f8ca6d46','更改','2019-03-28 03:09:42',NULL,2,NULL,NULL,'2019-03-28 03:09:42','2019-03-28 03:09:57'),('047a4fb8b8354731aba66a8b16efab40','c30c5f61f29841d1ba517065409a58a3','测试阶段需求变更','2019-03-08 05:55:37',NULL,2,NULL,NULL,'2019-03-08 05:55:36','2019-03-08 05:55:57'),('0675d78fd5e14607a4133ef5d3ec3de0','1ca0aaf56c104224bfd0b403bfd7b060','切','2019-03-19 07:35:47',NULL,2,NULL,NULL,'2019-03-19 07:35:47','2019-03-20 02:20:37'),('06d5f519c96245bcb9efa78a7820b9c3','1ca0aaf56c104224bfd0b403bfd7b060','是不是大小了','2019-03-19 07:34:21',NULL,2,NULL,NULL,'2019-03-19 07:34:21','2019-03-20 02:20:37'),('09201f1a63c3438583daeb6738bd2ea7','1ca0aaf56c104224bfd0b403bfd7b060','我觉得不太好','2019-03-19 07:28:50',NULL,2,NULL,NULL,'2019-03-19 07:28:49','2019-03-20 02:20:37'),('09d406b8cfd240569e37f821d0726ec3','985a4669f954478cadd4efca44ccad49','??????','2019-03-08 03:15:44','111',2,'2019-03-08 03:15:45',NULL,'2019-03-06 03:26:36','2019-03-08 03:29:08'),('1480f686e63c4c79b2b3d6522beacbf1','1ca0aaf56c104224bfd0b403bfd7b060','哈哈','2019-03-19 07:42:34',NULL,2,NULL,NULL,'2019-03-19 07:42:33','2019-03-20 02:20:37'),('1595111d68324a53b67c2f74f2d6f9f8','4703b2c6f62f4d63adfe767b483370b3','还好','2019-03-06 09:27:53','已处理',0,'2019-03-06 09:27:53',NULL,'2019-03-06 09:24:19','2019-03-06 09:27:53'),('1ad752456ad241ba91330abd79c8341a','1ca0aaf56c104224bfd0b403bfd7b060','不太好','2019-03-19 07:32:53',NULL,2,NULL,NULL,'2019-03-19 07:32:53','2019-03-20 02:20:37'),('1db7e81096194818a0eddea6ad8df31c','1ca0aaf56c104224bfd0b403bfd7b060','不太好','2019-03-19 07:29:21',NULL,2,NULL,NULL,'2019-03-19 07:29:20','2019-03-20 02:20:37'),('22614f4e594948f3a7a21c55cfc3bed5','ba5b17c9daa543f89ba629af0d0bcd9e','哈哈哈哈哈哈哈哈哈哈哈哈哈','2019-03-18 06:19:55',NULL,2,NULL,NULL,'2019-03-18 06:19:55','2019-03-18 06:20:10'),('264a2a50bba645fba9b45c5b1df75a3f','1ca0aaf56c104224bfd0b403bfd7b060','是不是大小了','2019-03-19 07:34:29',NULL,2,NULL,NULL,'2019-03-19 07:34:28','2019-03-20 02:20:37'),('3493e1c0534441f2a92c860698c7e5d9','1ca0aaf56c104224bfd0b403bfd7b060','意见','2019-03-19 08:37:54',NULL,2,NULL,NULL,'2019-03-19 08:37:54','2019-03-20 02:20:37'),('3f570b85f9d44e23b346c7f99aca9056','ba5b17c9daa543f89ba629af0d0bcd9e','测试结果','2019-03-14 02:26:51',NULL,2,NULL,NULL,'2019-03-14 02:26:50','2019-03-14 02:31:26'),('57a513efe18241a2bc6c554e8ef60135','985a4669f954478cadd4efca44ccad49','??????','2019-03-06 03:29:11',NULL,2,NULL,NULL,'2019-03-06 03:29:11','2019-03-07 07:10:36'),('5845e0afcc72490ea4e71a3706c11ed1','985a4669f954478cadd4efca44ccad49','哈哈哈哈','2019-03-28 06:52:30',NULL,2,NULL,NULL,'2019-03-28 06:52:29','2019-03-28 07:01:13'),('5e7fbd09bced4c5c97b72874ccc0e61b','1ca0aaf56c104224bfd0b403bfd7b060','不太好','2019-03-19 07:29:45',NULL,2,NULL,NULL,'2019-03-19 07:29:45','2019-03-20 02:20:37'),('6461e4dbc455453382d928e8b88e213a','1ca0aaf56c104224bfd0b403bfd7b060','是不是大小了','2019-03-19 07:34:34',NULL,2,NULL,NULL,'2019-03-19 07:34:34','2019-03-20 02:20:37'),('7030b854bfe64bdca68ad37bd6cf7b03','1ca0aaf56c104224bfd0b403bfd7b060','是不是大小了','2019-03-19 07:34:31',NULL,2,NULL,NULL,'2019-03-19 07:34:31','2019-03-20 02:20:37'),('70d48e41e3b449fbb48bc3ef01643c87','4703b2c6f62f4d63adfe767b483370b3','不错','2019-03-06 09:38:08',NULL,1,NULL,NULL,'2019-03-06 09:38:07','2019-03-06 09:38:07'),('7670d1c89ae14c10a5320c4d875d5988','985a4669f954478cadd4efca44ccad49','我','2019-03-28 03:13:20',NULL,2,NULL,NULL,'2019-03-28 03:13:20','2019-03-28 03:13:28'),('7eb99228e6b2443eb1c67d1affaac464','4703b2c6f62f4d63adfe767b483370b3','不顺直','2019-03-06 09:27:41','马上处理',0,'2019-03-06 09:27:41',NULL,'2019-03-06 09:23:42','2019-03-06 09:27:41'),('83d56fe2fdef4d8cb87cd7c3fd7d6a0d','1ca0aaf56c104224bfd0b403bfd7b060','测试阶段需求','2019-03-14 02:12:08','好的',2,'2019-03-14 02:12:09',NULL,'2019-03-14 02:11:49','2019-03-14 02:25:28'),('87c29241f92949a9abf0516c314bd10f','1ca0aaf56c104224bfd0b403bfd7b060','是不是大小了','2019-03-19 07:34:53',NULL,2,NULL,NULL,'2019-03-19 07:34:52','2019-03-20 02:20:37'),('92bea2a80ec440d6b9303e9df2c7427d','6ff0311d9ddb493f87ac4d41f8ca6d46','更改','2019-03-28 03:12:19',NULL,2,NULL,NULL,'2019-03-28 03:12:19','2019-03-28 03:12:23'),('992953fbf976438ca82f51b142336d63','1ca0aaf56c104224bfd0b403bfd7b060','我觉得不太好','2019-03-19 07:28:42',NULL,2,NULL,NULL,'2019-03-19 07:28:42','2019-03-20 02:20:37'),('adae779f2f354856a385e2f813a24d5b','1ca0aaf56c104224bfd0b403bfd7b060','哈哈','2019-03-19 07:42:37',NULL,2,NULL,NULL,'2019-03-19 07:42:37','2019-03-20 02:20:37'),('b7c49043a5c94708a22cb4841710735b','1ca0aaf56c104224bfd0b403bfd7b060','我觉得bu tai hao','2019-03-19 07:28:36',NULL,2,NULL,NULL,'2019-03-19 07:28:35','2019-03-20 02:20:37'),('b8abf2ba993b43cbbbe767e8f64a93da','ef021a5a9a184765a238c718b1417050','测试结果','2019-03-28 03:10:18',NULL,2,NULL,NULL,'2019-03-28 03:10:17','2019-03-28 03:11:16'),('bc28221d2a4343a29482129cea92a17e','3d6269fb221044dbaa26d86a7577fc40','测试结果','2019-04-01 09:20:43','地方找工作根深蒂固',0,'2019-04-01 09:20:43',NULL,'2019-04-01 02:14:47','2019-04-01 09:20:43'),('bfab0f2d388646068f8fb6e7364a6a79','1ca0aaf56c104224bfd0b403bfd7b060','不太好','2019-03-19 07:32:46',NULL,2,NULL,NULL,'2019-03-19 07:32:46','2019-03-20 02:20:37'),('c431ade1f9c140f8b7934eb5d2ad7f45','1ca0aaf56c104224bfd0b403bfd7b060','测试阶段','2019-03-14 02:25:33','就看看',2,'2019-03-14 02:25:33',NULL,'2019-03-14 02:25:13','2019-03-14 02:31:26'),('c705295c4f6647cc970210a961f99ba4','985a4669f954478cadd4efca44ccad49','提交阶段需求','2019-03-08 01:08:04',NULL,2,NULL,NULL,'2019-03-08 01:08:03','2019-03-08 01:08:56'),('c7c1d840b38049b4828ad95d9f1e531d','1ca0aaf56c104224bfd0b403bfd7b060','是不是大小了','2019-03-19 07:35:09',NULL,2,NULL,NULL,'2019-03-19 07:35:08','2019-03-20 02:20:37'),('cce13d8852194f569837a0618ea2feee','1ca0aaf56c104224bfd0b403bfd7b060','不太好','2019-03-19 07:29:40',NULL,2,NULL,NULL,'2019-03-19 07:29:39','2019-03-20 02:20:37'),('d814af2bb0c84a919ff4723e3e5d935b','1ca0aaf56c104224bfd0b403bfd7b060','哈哈','2019-03-19 07:42:32',NULL,2,NULL,NULL,'2019-03-19 07:42:31','2019-03-20 02:20:37'),('dbaabd0982bd444fa7757ee275cec007','3d6269fb221044dbaa26d86a7577fc40','好多好多好多话','2019-03-28 06:43:02',NULL,2,NULL,NULL,'2019-03-28 06:43:01','2019-03-28 07:01:13'),('de9d8126985642dea87198bbb4a676db','1ca0aaf56c104224bfd0b403bfd7b060','是不是大小了','2019-03-19 07:34:40',NULL,2,NULL,NULL,'2019-03-19 07:34:39','2019-03-20 02:20:37'),('e4e771bc3173467cb2bf465b5f70003d','1ca0aaf56c104224bfd0b403bfd7b060','是不是大小了','2019-03-19 07:34:46',NULL,2,NULL,NULL,'2019-03-19 07:34:45','2019-03-20 02:20:37'),('e98d160fa9c94cf190e456eaace1ddfb','ef021a5a9a184765a238c718b1417050','更改','2019-03-28 03:09:12',NULL,2,NULL,NULL,'2019-03-28 03:09:12','2019-03-28 03:09:17'),('ef0d8ef3aa2f4e5898f13489ff16b5d4','985a4669f954478cadd4efca44ccad49','测试者啊','2019-03-12 02:27:32',NULL,2,NULL,NULL,'2019-03-12 02:27:31','2019-03-15 01:38:18');
/*!40000 ALTER TABLE `change_record` ENABLE KEYS */;
UNLOCK TABLES;

--
-- Table structure for table `customer`
--

DROP TABLE IF EXISTS `customer`;
/*!40101 SET @saved_cs_client     = @@character_set_client */;
/*!40101 SET character_set_client = utf8 */;
CREATE TABLE `customer` (
  `id` varchar(32) NOT NULL COMMENT '客户编号',
  `name` varchar(32) DEFAULT NULL COMMENT '客户姓名',
  `mobile` varchar(32) DEFAULT NULL COMMENT '移动电话',
  `phone` varchar(32) DEFAULT NULL COMMENT '固定电话',
  `email` varchar(32) DEFAULT NULL COMMENT '电子邮箱',
  `remark` varchar(128) DEFAULT NULL,
  `created` timestamp NOT NULL DEFAULT CURRENT_TIMESTAMP,
  `updated` timestamp NOT NULL DEFAULT CURRENT_TIMESTAMP ON UPDATE CURRENT_TIMESTAMP,
  `address` varchar(128) DEFAULT NULL COMMENT '工程地址',
  `sign_time` timestamp NULL DEFAULT NULL COMMENT '合同签订时间',
  `user_id` varchar(32) DEFAULT NULL COMMENT '用户编号',
  PRIMARY KEY (`id`)
) ENGINE=InnoDB DEFAULT CHARSET=utf8 COMMENT='客户信息';
/*!40101 SET character_set_client = @saved_cs_client */;

--
-- Dumping data for table `customer`
--

LOCK TABLES `customer` WRITE;
/*!40000 ALTER TABLE `customer` DISABLE KEYS */;
INSERT INTO `customer` VALUES ('00c7d5c27921460da0e2f23b839a6b05','Athena','18426459020','13896074124',NULL,NULL,'2019-03-06 03:03:51','2019-03-06 03:03:51','重庆市北碚区水土高新区','2019-05-01 04:00:00','522e13c97c6345ac9e09cff83df5491f'),('00ff697cd9ff4f9d8393ba7db6ddd8ec','倪晶晶','15320831347','15320831347',NULL,NULL,'2019-03-14 01:41:41','2019-03-14 01:41:41','重庆市北碚区水土高新区','2019-05-01 04:00:00','a22cf4aba84a47959a5acee6e0fe598c'),('0d2fe940df334167b918266957a9f058','王慧','18426459000','15050505050',NULL,NULL,'2019-03-08 03:59:29','2019-03-08 06:16:16','重庆市北碚区水土高新区','2019-04-01 04:00:00','a7e515454c7d45b192893130216184f1'),('2c700c1066de4796b062512c5a0b1296','Athena','18426459020','11111101014',NULL,NULL,'2019-04-01 01:47:22','2019-04-01 01:47:22','重庆市北碚区水土高新区','2019-05-02 04:00:00','70dd9d65fbe74db2a2b27f2cf83ed5f5'),('2e5f75ff85ed4481a6a506f29040e255','黎兵','13896074125','16060606060',NULL,NULL,'2019-03-08 06:22:29','2019-03-08 07:08:52','重庆市北碚区水土高新区','2019-05-01 04:00:00','fc11905a8d154b49b3c641077d29f3a8'),('329fec02da984727986c540aca5cfc1a','刘辉测试1','18426459020','17070707070',NULL,NULL,'2019-03-08 08:29:12','2019-03-08 08:29:12','重庆市北碚区水土高新区','2019-05-01 04:00:00','bd5490c502d34b00a7cdb211ff4340ad'),('4d621a259c3c4ee79d544707ce400489','Athena','18426459020','11111101011',NULL,NULL,'2019-04-01 01:46:46','2019-04-01 01:46:46','重庆市北碚区水土高新区','2019-05-01 04:00:00','0151231b083b46968d85cec429a4c955'),('528305e7d56e4d6db8065b1b07763cbd','Athena','13896074124','11111101016',NULL,NULL,'2019-04-01 01:51:00','2019-04-01 01:51:00','重庆市北碚区水土高新区','2019-05-01 04:00:00','8dda5cf2bcd14ec0893e61f881f41232'),('54c675ebc1214ce282ae335381e296ac','Athena','18426459020','11111101013',NULL,NULL,'2019-04-01 01:47:09','2019-04-01 01:47:09','重庆市北碚区水土高新区','2019-05-02 04:00:00','ceda7d963eb44b11af63e7d227ae4a1f'),('65c6bbba465343fbad3627d1d9734604','周武','13030303030','13030303030',NULL,NULL,'2019-03-07 07:23:36','2019-03-08 01:12:04','重庆市北碚区水土高新区','2019-04-10 04:00:00','852ab1a2eae24ab18bbeefc6bcc98bbb'),('76c2a16a8c4d40c3a63296fc7edcd31a','Athena','11111101010','11111101010',NULL,NULL,'2019-04-01 01:46:24','2019-04-01 01:46:24','重庆市北碚区水土高新区','2019-05-01 04:00:00','e6556f8bf3f8441492be79e03323fbb5'),('881214cde53240ef92c667796e7c2de6','王慧','13896074124','14040404040',NULL,NULL,'2019-03-08 01:12:52','2019-03-08 01:12:52','重庆市北碚区水土高新区','2019-05-01 04:00:00','42177c5f3fc04784bebf0e5f638e073f'),('965ea40b0ea8404b9e36ed69434e480a','王慧','13896074124','18623370279',NULL,NULL,'2019-03-22 08:15:39','2019-03-28 01:38:54','重庆市北碚区水土高新区','2019-04-01 04:00:00','a3f60b615813421fb14d887dcd2821d2'),('983118e7ac524cb9a457da60e5ed1cb5','王小慧','18426459020','12020202020',NULL,NULL,'2019-03-07 07:08:15','2019-03-28 03:22:33','重庆市北碚区水土高新区','2019-04-01 04:00:00','1a9db85d03cb4418a362bcdaeccf2163'),('9ecdeccf0cdc466486dc16562a99617e','测试','15178767305','15111111111',NULL,NULL,'2019-03-22 08:40:13','2019-03-28 01:38:54','重庆市渝北区龙湖好望山4栋1单元','2019-03-13 04:00:00','edbc94b2b878400ead891f7b7f56dcb2'),('a06f6c698f684dbca6f14a9270e078ed','测试','','18725727452',NULL,NULL,'2019-03-15 08:15:17','2019-03-15 08:15:17','企业天地','2019-03-17 04:00:00','034962e99ae243e3b21974ecade36632'),('ab199f4664ee46e4a11401fbf6165cae','Athena','18426459020','11111101012',NULL,NULL,'2019-04-01 01:46:58','2019-04-01 01:46:58','重庆市北碚区水土高新区','2019-05-01 04:00:00','6a9a0642fc424d51bc64ad8c35e745ec'),('c66e06c9ea164b69a60992f00b3d52e3','朱丹','','13243510188',NULL,NULL,'2019-03-06 09:14:10','2019-03-06 09:14:10','天骄公园17-16-1','2019-02-25 05:00:00','ad050bb4b78a4a72b71ffb2ae72174ee'),('cf4ea4c5cf8a40cbb9735ec37c895a6f','黎兵','10101010100','10101010101',NULL,NULL,'2019-03-06 02:53:10','2019-03-08 01:11:31','重庆市北碚区水土高新区','2019-05-01 04:00:00','aa6c8cd2ec3a4523ba8a06362dabce9d'),('ec0fa6b1c4b34fd1af962ee46582803e','Athena','18426459020','11111101015',NULL,NULL,'2019-04-01 01:47:35','2019-04-01 01:47:35','重庆市北碚区水土高新区','2019-05-01 04:00:00','0d0522b284dd4b27ae2b9eddc6942717'),('f4f508df31074d25a192a6281f86d7e2','刘辉测试2','18426459020','18080808080',NULL,NULL,'2019-03-08 08:29:34','2019-03-08 08:29:34','重庆市北碚区水土高新区','2019-05-01 04:00:00','cf0fa6fc027b444cb08feb50222b289b');
/*!40000 ALTER TABLE `customer` ENABLE KEYS */;
UNLOCK TABLES;

--
-- Table structure for table `decoration_company`
--

DROP TABLE IF EXISTS `decoration_company`;
/*!40101 SET @saved_cs_client     = @@character_set_client */;
/*!40101 SET character_set_client = utf8 */;
CREATE TABLE `decoration_company` (
  `id` varchar(32) NOT NULL COMMENT '公司编号',
  `name` varchar(64) NOT NULL COMMENT '公司名称',
  `phone` varchar(32) DEFAULT NULL COMMENT '公司电话',
  `email` varchar(64) DEFAULT NULL COMMENT '公司邮箱',
  `address` varchar(128) DEFAULT NULL COMMENT '公司地址',
  `remark` varchar(128) DEFAULT NULL COMMENT '备注',
  `created` timestamp NOT NULL DEFAULT CURRENT_TIMESTAMP COMMENT '创建时间',
  `updated` timestamp NOT NULL DEFAULT CURRENT_TIMESTAMP ON UPDATE CURRENT_TIMESTAMP COMMENT '更新时间',
  `legal_person` varchar(32) DEFAULT NULL COMMENT '法人 \n',
  `legal_person_phone` varchar(32) DEFAULT NULL COMMENT '法人电话         \n',
  `financial_officer` varchar(32) DEFAULT NULL COMMENT '财务     \n',
  `financial_officer_phone` varchar(32) DEFAULT NULL COMMENT '财务电话 ',
  `business` varchar(32) DEFAULT NULL COMMENT '业务 ',
  `business_phone` varchar(32) DEFAULT NULL COMMENT '业务电话   ',
  `camera_username` varchar(64) DEFAULT NULL COMMENT '摄像头登录名',
  `camera_password` varchar(64) DEFAULT NULL COMMENT '摄像头密码',
  PRIMARY KEY (`id`)
) ENGINE=InnoDB DEFAULT CHARSET=utf8 COMMENT='装修公司信息';
/*!40101 SET character_set_client = @saved_cs_client */;

--
-- Dumping data for table `decoration_company`
--

LOCK TABLES `decoration_company` WRITE;
/*!40000 ALTER TABLE `decoration_company` DISABLE KEYS */;
INSERT INTO `decoration_company` VALUES ('12a594a25cfa45b1a88396e8e022a476','重庆全装福实业有限公司',NULL,'675485299@qq.com','重庆市渝北区新南路168号',NULL,'2019-03-06 08:41:18','2019-03-06 08:41:18','肖洪波','13883158859','何兰','13508343582','肖洪波','13883158859',NULL,NULL),('7016811896314fb9a64858b316e5834a','重庆市Athena电子科技有限公司',NULL,'1157674894@qq.com','重庆市北碚区水土高新区',NULL,'2019-03-08 03:54:59','2019-03-08 03:54:59','Athena','10202020202','Athena','10202020202','Athena','10202020202',NULL,NULL),('7a3a4a129de04edea45a2a92a44145e3','雅典娜装饰工程有限公司',NULL,'1240856504@qq.com','企业天地',NULL,'2019-03-13 13:46:58','2019-03-13 13:46:58','周靖','18883169085','周靖','18883169085','周靖','18883169085',NULL,NULL),('9406458f654b4a3aa380fa645ec66fbf','重庆市雅典娜电子科技有限公司',NULL,'1157674894@qq.com','重庆市渝北区新牌坊',NULL,'2019-03-06 02:40:33','2019-03-06 02:40:33','Athena','10203010201','Athena','10203010201','Athena','10203010201',NULL,NULL),('c79a41bdc49541b6b54b06ac96afda02','重庆市雅典娜智能家居有限公司',NULL,'1157674894@qq.com','重庆市北碚区水土高新区',NULL,'2019-03-22 08:11:04','2019-03-22 08:11:04','athena','12352612352','athena','12541254212','','12541254212',NULL,NULL),('e7e2af3019204e389599e32a2bcb3e90','Athena',NULL,'1157674894@qq.com','重庆市北碚区水土高新区',NULL,'2019-03-06 08:43:47','2019-03-06 08:43:47','Athena','10212152125','Athena','10212152125','Athena','10212152125',NULL,NULL);
/*!40000 ALTER TABLE `decoration_company` ENABLE KEYS */;
UNLOCK TABLES;

--
-- Table structure for table `decoration_team`
--

DROP TABLE IF EXISTS `decoration_team`;
/*!40101 SET @saved_cs_client     = @@character_set_client */;
/*!40101 SET character_set_client = utf8 */;
CREATE TABLE `decoration_team` (
  `id` varchar(32) NOT NULL COMMENT '编号',
  `com_id` varchar(32) NOT NULL COMMENT '公司编号',
  `user_id` varchar(32) DEFAULT NULL COMMENT '用户编号',
  `name` varchar(64) NOT NULL COMMENT '员工姓名',
  `phone` varchar(32) DEFAULT NULL COMMENT '联系电话',
  `module` int(11) DEFAULT NULL COMMENT '2装修设计师 3项目负责人 4现场负责人\n',
  `address` varchar(128) DEFAULT NULL COMMENT '联系地址',
  `remark` varchar(128) DEFAULT NULL COMMENT '备注',
  `created` timestamp NOT NULL DEFAULT CURRENT_TIMESTAMP COMMENT '创建时间',
  `updated` timestamp NOT NULL DEFAULT CURRENT_TIMESTAMP ON UPDATE CURRENT_TIMESTAMP COMMENT '更新时间',
  PRIMARY KEY (`id`)
) ENGINE=InnoDB DEFAULT CHARSET=utf8 COMMENT='装修员工信息';
/*!40101 SET character_set_client = @saved_cs_client */;

--
-- Dumping data for table `decoration_team`
--

LOCK TABLES `decoration_team` WRITE;
/*!40000 ALTER TABLE `decoration_team` DISABLE KEYS */;
INSERT INTO `decoration_team` VALUES ('01a0e4c465a947e6a55576e55b3ed6da','9406458f654b4a3aa380fa645ec66fbf','Athena','14141414141',4,'重庆市北碚区水土高新区',NULL,'2019-03-06 03:02:05','2019-03-06 03:02:05'),('08c35f2ad28b4b91b469a7b0ce886620','9406458f654b4a3aa380fa645ec66fbf','Athena','18080808080',4,'重庆市北碚区水土高新区',NULL,'2019-03-06 03:00:56','2019-03-06 03:00:56'),('0ff24b2769544b519b19bc95d16639a6','12a594a25cfa45b1a88396e8e022a476','肖洪波','13883158859',0,'新南路166全装福整装',NULL,'2019-03-06 08:54:38','2019-03-06 08:54:38'),('30942522b74b4bc796941a73073e5899','c79a41bdc49541b6b54b06ac96afda02','Athena1','13896074125',2,'重庆市北碚区水土高新区',NULL,'2019-03-22 08:13:38','2019-03-22 08:13:45'),('3d0585bd53cb4860992f24b7cb1582be','9406458f654b4a3aa380fa645ec66fbf','Athena','12121212121',2,'重庆市北碚区水土高新区',NULL,'2019-03-06 03:01:41','2019-03-06 03:01:41'),('4783d7af0b214a7c897359c583e2ecc5','9406458f654b4a3aa380fa645ec66fbf','Athena','15254521525',3,'重庆市北碚区水土高新区',NULL,'2019-03-06 02:59:20','2019-03-06 02:59:20'),('484f16784e174e0690e1c6ee9bf2ae68','9406458f654b4a3aa380fa645ec66fbf','Athena','16060606060',2,'重庆市北碚区水土高新区',NULL,'2019-03-06 03:00:34','2019-03-06 03:00:34'),('63d46da6e62546b4a65f11479d5c0597','12a594a25cfa45b1a88396e8e022a476','郝欣','15025510882',2,'新南路166全装福整装',NULL,'2019-03-06 08:53:27','2019-03-06 08:53:27'),('6f6e8cdb413640cbba9e02e4679e4cd4','12a594a25cfa45b1a88396e8e022a476','谭颖','13508343582',3,'新南路166全装福整装',NULL,'2019-03-06 08:52:34','2019-03-06 08:52:34'),('76537a2c325744b4bc5baa6c6f023be0','9406458f654b4a3aa380fa645ec66fbf','abc','10404040404',3,'重庆市北碚区水土高新区',NULL,'2019-03-06 02:59:44','2019-03-15 01:40:14'),('79cdc563d79645cf96aadffcc6396e2f','9406458f654b4a3aa380fa645ec66fbf','Athena','10505050505',2,'重庆市北碚区水土高新区',NULL,'2019-03-06 03:00:04','2019-03-06 03:00:04'),('8d34b4a4de654ee09e1d47a0c291167f','9406458f654b4a3aa380fa645ec66fbf','Athena','13131313131',4,'重庆市北碚区水土高新区',NULL,'2019-03-06 03:01:54','2019-03-06 03:01:54'),('939819f3a1074e24a984eee40d2cca72','9406458f654b4a3aa380fa645ec66fbf','Athena','15151515151',2,'重庆市北碚区水土高新区',NULL,'2019-03-06 03:02:17','2019-03-06 03:02:17'),('94570cbbb625427f8fd6b403ef0631e1','c79a41bdc49541b6b54b06ac96afda02','Athena','15123805353',3,'重庆市北碚区水土高新区',NULL,'2019-03-22 08:13:09','2019-03-22 08:13:09'),('9c8b8989740a4f379840e0c50fca4a90','9406458f654b4a3aa380fa645ec66fbf','Athena','19090929020',4,'重庆市北碚区水土高新区',NULL,'2019-03-06 03:01:23','2019-03-06 03:01:23'),('a690bf0070c74ce99cb09945c89229e8','9406458f654b4a3aa380fa645ec66fbf','Athenar','10101010102',3,'重庆市北碚区水土高新区',NULL,'2019-03-06 02:54:40','2019-03-07 07:35:28'),('abf25c5c164f4263a2a9499259307586','7a3a4a129de04edea45a2a92a44145e3','李四','18883169085',4,'渝北',NULL,'2019-03-15 08:18:27','2019-03-15 08:18:27'),('afaa8c03c7e6461c82cdd0db8b2b25bb','7016811896314fb9a64858b316e5834a','Athena','13896074125',4,'重庆市北碚区水土高新区',NULL,'2019-03-08 04:02:22','2019-03-08 04:02:40'),('b47b9aec57154b36b6ba9b0c50280c49','7016811896314fb9a64858b316e5834a','Athena','13896074126',3,'重庆市北碚区水土高新区',NULL,'2019-03-08 04:02:15','2019-03-08 04:02:44'),('b5f77bc11491474c9cd2f0469c330b00','12a594a25cfa45b1a88396e8e022a476','余昌伦','13220362915',4,'新南路166全装福整装',NULL,'2019-03-06 08:54:13','2019-03-06 08:54:13'),('d34281e3ef4245e7b4c2738d24007042','7016811896314fb9a64858b316e5834a','Athena','13896074124',2,'重庆市北碚区水土高新区',NULL,'2019-03-08 04:02:29','2019-03-08 04:02:29'),('d90227965d4e4d00821d8676884bef11','7a3a4a129de04edea45a2a92a44145e3','张三','18883169085',3,'渝北',NULL,'2019-03-15 08:18:07','2019-03-15 08:18:07'),('f8a5edabf1f54cbab4789b9cd7db93fc','c79a41bdc49541b6b54b06ac96afda02','Athena2','15123805353',4,'重庆市北碚区水土高新区',NULL,'2019-03-22 08:13:21','2019-03-22 08:13:47'),('fc1b589c3aee43b29d17cc7d6fea9e32','9406458f654b4a3aa380fa645ec66fbf','Athenag','10101010101',4,'重庆市北碚区水土高新区',NULL,'2019-03-06 02:55:15','2019-03-06 03:03:05'),('feb0e574e057444f84a67ec98cbbb6ea','7a3a4a129de04edea45a2a92a44145e3','陈二','18883169085',2,'渝北',NULL,'2019-03-15 08:18:54','2019-03-15 08:18:54');
/*!40000 ALTER TABLE `decoration_team` ENABLE KEYS */;
UNLOCK TABLES;

--
-- Table structure for table `device_allocation`
--

DROP TABLE IF EXISTS `device_allocation`;
/*!40101 SET @saved_cs_client     = @@character_set_client */;
/*!40101 SET character_set_client = utf8 */;
CREATE TABLE `device_allocation` (
  `id` varchar(32) NOT NULL COMMENT '主键编号',
  `com_id` varchar(32) NOT NULL COMMENT '公司id\n',
  `pro_id` varchar(32) DEFAULT NULL COMMENT '项目id\n',
  `serial_number` varchar(32) DEFAULT NULL COMMENT '设备序列号\n',
  `name` varchar(64) DEFAULT NULL COMMENT '设备名称\n',
  `remark` varchar(128) DEFAULT NULL,
  `created` timestamp NOT NULL DEFAULT CURRENT_TIMESTAMP,
  `updated` timestamp NOT NULL DEFAULT CURRENT_TIMESTAMP ON UPDATE CURRENT_TIMESTAMP,
  PRIMARY KEY (`id`),
  UNIQUE KEY `id_UNIQUE` (`id`)
) ENGINE=InnoDB DEFAULT CHARSET=utf8 COMMENT='设备分配表（可视门铃）\n';
/*!40101 SET character_set_client = @saved_cs_client */;

--
-- Dumping data for table `device_allocation`
--

LOCK TABLES `device_allocation` WRITE;
/*!40000 ALTER TABLE `device_allocation` DISABLE KEYS */;
/*!40000 ALTER TABLE `device_allocation` ENABLE KEYS */;
UNLOCK TABLES;

--
-- Table structure for table `feedback`
--

DROP TABLE IF EXISTS `feedback`;
/*!40101 SET @saved_cs_client     = @@character_set_client */;
/*!40101 SET character_set_client = utf8 */;
CREATE TABLE `feedback` (
  `id` varchar(32) CHARACTER SET utf8 NOT NULL COMMENT '意见反馈编号',
  `user_id` varchar(32) CHARACTER SET utf8 NOT NULL COMMENT '管理客户编号',
  `information` varchar(128) CHARACTER SET utf8 DEFAULT '' COMMENT '意见反馈信息',
  `types` varchar(32) COLLATE utf8_unicode_ci DEFAULT NULL COMMENT 'APP：1.登陆慢2.操作卡顿.3操作复杂，体验不好 4.APP闪退5.黑屏6.其他\n\nPC：21.系统闪退 22操作卡顿 23.操作复杂，体验不好 24.网络延迟 25.其他',
  `remark` varchar(255) CHARACTER SET utf8 DEFAULT NULL,
  `created` timestamp NOT NULL DEFAULT CURRENT_TIMESTAMP,
  `updated` timestamp NOT NULL DEFAULT CURRENT_TIMESTAMP ON UPDATE CURRENT_TIMESTAMP,
  PRIMARY KEY (`id`)
) ENGINE=InnoDB DEFAULT CHARSET=utf8 COLLATE=utf8_unicode_ci;
/*!40101 SET character_set_client = @saved_cs_client */;

--
-- Dumping data for table `feedback`
--

LOCK TABLES `feedback` WRITE;
/*!40000 ALTER TABLE `feedback` DISABLE KEYS */;
INSERT INTO `feedback` VALUES ('25a09407bc7849ef91cb1cde7a6ec52f','1c4132376fdd40b498813d9e73dabc0f','测试意见反馈PC端','21,22,23,24',NULL,'2019-03-08 06:14:31','2019-03-08 06:14:31'),('3050985e46874184bee22cb741bcc5b8','1c4132376fdd40b498813d9e73dabc0f','测试问题反馈','21,22,24',NULL,'2019-03-08 08:06:00','2019-03-08 08:06:00'),('4d550ba6bcaf4bd9a0f4c8f8d6fd0b01','2e5f75ff85ed4481a6a506f29040e255','','2,3,4,',NULL,'2019-03-08 08:00:57','2019-03-08 08:00:57'),('4dc7d2eccf484dc69f5b16bf6ceb19ed','f9d019a5f502415fbb652f4cc58bd68f','00000',NULL,NULL,'2019-03-08 01:10:49','2019-03-08 01:10:49'),('77dc76c921c14c8f9fe507ad747d1e7d','00c7d5c27921460da0e2f23b839a6b05','意见反馈版本','',NULL,'2019-03-08 01:06:24','2019-03-08 01:06:24'),('7b0359b72d5c48ecb7f8a37e32abe326','f9d019a5f502415fbb652f4cc58bd68f','','21,22,23,24',NULL,'2019-03-08 01:10:39','2019-03-08 01:10:39'),('976a26b8f06143fdb7545d44d9e90185','[object HTMLInputElement]','问题反馈问题反馈问题反馈问题反馈','21,22,23,24,25',NULL,'2019-04-02 07:01:46','2019-04-02 07:01:46'),('d5863419b9de4021870edbbc0c7a8e8e','2e5f75ff85ed4481a6a506f29040e255','','1,2,3,4,',NULL,'2019-03-08 08:06:55','2019-03-08 08:06:55');
/*!40000 ALTER TABLE `feedback` ENABLE KEYS */;
UNLOCK TABLES;

--
-- Table structure for table `image_flow`
--

DROP TABLE IF EXISTS `image_flow`;
/*!40101 SET @saved_cs_client     = @@character_set_client */;
/*!40101 SET character_set_client = utf8 */;
CREATE TABLE `image_flow` (
  `id` varchar(32) NOT NULL COMMENT '编号',
  `cus_id` varchar(32) DEFAULT NULL,
  `flow_limit` double DEFAULT NULL COMMENT '流量上限（单位M）',
  `flow_used` double DEFAULT NULL COMMENT '流量已用\n',
  `flow_this_time` double DEFAULT NULL COMMENT '本次上传',
  `remark` varchar(128) DEFAULT NULL,
  `created` timestamp NOT NULL DEFAULT CURRENT_TIMESTAMP,
  `updated` timestamp NOT NULL DEFAULT CURRENT_TIMESTAMP ON UPDATE CURRENT_TIMESTAMP,
  PRIMARY KEY (`id`)
) ENGINE=InnoDB DEFAULT CHARSET=utf8 COMMENT='图片流量信息';
/*!40101 SET character_set_client = @saved_cs_client */;

--
-- Dumping data for table `image_flow`
--

LOCK TABLES `image_flow` WRITE;
/*!40000 ALTER TABLE `image_flow` DISABLE KEYS */;
INSERT INTO `image_flow` VALUES ('070f7dc664814d27906aab5ef363ad56','76c2a16a8c4d40c3a63296fc7edcd31a',30,0,0,NULL,'2019-04-01 01:46:25','2019-04-01 01:46:25'),('2153721478134895a63c3ed9c8c32674','a06f6c698f684dbca6f14a9270e078ed',30,0,0,NULL,'2019-03-15 08:15:17','2019-03-15 08:15:17'),('2b0bb8a800c745df904dcb6d2fd04abc','2e5f75ff85ed4481a6a506f29040e255',30,25.152,3.713,NULL,'2019-03-08 06:22:30','2019-03-08 08:17:44'),('2ef526c07bf648aca35309165f3d8d02','9ecdeccf0cdc466486dc16562a99617e',30,0,0,NULL,'2019-03-22 08:40:14','2019-03-22 08:40:14'),('341013a7d9c84949b719022189bfc5be','ab199f4664ee46e4a11401fbf6165cae',30,0,0,NULL,'2019-04-01 01:46:58','2019-04-01 01:46:58'),('386a2997714443689e23e98f37c66a32','54c675ebc1214ce282ae335381e296ac',30,0,0,NULL,'2019-04-01 01:47:09','2019-04-01 01:47:09'),('4ee9dd3395ec4ceda3725d54225011fc','cf4ea4c5cf8a40cbb9735ec37c895a6f',30,0.024,0.011,NULL,'2019-03-06 02:53:10','2019-03-06 02:53:10'),('61523e3645124ea8ab6eec3d43212b00','329fec02da984727986c540aca5cfc1a',30,0,0,NULL,'2019-03-08 08:29:13','2019-03-08 08:29:13'),('628c113bb6614463b0878887239e1500','2c700c1066de4796b062512c5a0b1296',30,0,0,NULL,'2019-04-01 01:47:22','2019-04-01 01:47:22'),('707dcb116f7f48d1b0dd6cadfb4fab1e','ec0fa6b1c4b34fd1af962ee46582803e',30,0,0,NULL,'2019-04-01 01:47:35','2019-04-01 01:47:35'),('7415e40dc1fd41bd9b9aa1a2eda41eee','0d2fe940df334167b918266957a9f058',30,0.10999999999999999,0.012,NULL,'2019-03-08 03:59:30','2019-03-08 06:11:30'),('75f2d073ca0d493fa4c0b0d28687064a','65c6bbba465343fbad3627d1d9734604',30,0.073,0.011,NULL,'2019-03-07 07:23:37','2019-03-28 03:12:19'),('78d5803c9fae4e6f9c1c0616dba8f43c','00c7d5c27921460da0e2f23b839a6b05',30,4.043000000000001,0.011,NULL,'2019-03-06 03:03:51','2019-04-01 02:14:47'),('7fb99aba74f14dc1a342ad2b29e90c25','965ea40b0ea8404b9e36ed69434e480a',30,0,0,NULL,'2019-03-22 08:15:40','2019-03-22 08:15:40'),('82c149b9fc00452f822fe43b644108f8','f4f508df31074d25a192a6281f86d7e2',30,0,0,NULL,'2019-03-08 08:29:34','2019-03-08 08:29:34'),('8ad48e15c5784a258b5112e524c09c51','983118e7ac524cb9a457da60e5ed1cb5',30,0,0,NULL,'2019-03-07 07:08:16','2019-03-07 07:08:16'),('a720e4475f5c49cab2cce370a40ae5b5','881214cde53240ef92c667796e7c2de6',30,0.038,0.038,NULL,'2019-03-08 01:12:53','2019-03-15 02:09:58'),('ae267f291b324cb88994da66f4a7fbb8','528305e7d56e4d6db8065b1b07763cbd',30,0,0,NULL,'2019-04-01 01:51:01','2019-04-01 01:51:01'),('c4bd5f9108604e698c35b24dd4277cb8','4d621a259c3c4ee79d544707ce400489',30,0,0,NULL,'2019-04-01 01:46:47','2019-04-01 01:46:47'),('c6567b6022904d3f80e9f7d3041f12eb','2e5630724cb444caa88f200431146a21',30,0.257,0.257,NULL,'2019-03-06 08:47:53','2019-03-06 08:47:53'),('c942e455877f4982aaea4391da41349a','00ff697cd9ff4f9d8393ba7db6ddd8ec',30,32.06900000000001,0.021,NULL,'2019-03-14 01:41:42','2019-03-19 07:41:08'),('dfe722ef418146bba09b2e2995b489be','c66e06c9ea164b69a60992f00b3d52e3',30,1.527,1.446,NULL,'2019-03-06 09:14:11','2019-03-06 09:14:11');
/*!40000 ALTER TABLE `image_flow` ENABLE KEYS */;
UNLOCK TABLES;

--
-- Table structure for table `image_resource`
--

DROP TABLE IF EXISTS `image_resource`;
/*!40101 SET @saved_cs_client     = @@character_set_client */;
/*!40101 SET character_set_client = utf8 */;
CREATE TABLE `image_resource` (
  `id` varchar(32) NOT NULL,
  `cus_id` varchar(32) NOT NULL COMMENT '客户id',
  `resource_name` varchar(64) DEFAULT NULL COMMENT '图片名称\n',
  `resource_url` varchar(128) DEFAULT NULL COMMENT '图片链接\n',
  `resource_size` double DEFAULT NULL COMMENT '图片大小（M）\n',
  `resource_type` int(11) DEFAULT NULL COMMENT '资源类型\n1.合同  2设计图\n',
  `remark` varchar(128) DEFAULT NULL,
  `created` timestamp NOT NULL DEFAULT CURRENT_TIMESTAMP,
  `updated` timestamp NOT NULL DEFAULT CURRENT_TIMESTAMP ON UPDATE CURRENT_TIMESTAMP,
  PRIMARY KEY (`id`)
) ENGINE=InnoDB DEFAULT CHARSET=utf8 COMMENT='图片资源';
/*!40101 SET character_set_client = @saved_cs_client */;

--
-- Dumping data for table `image_resource`
--

LOCK TABLES `image_resource` WRITE;
/*!40000 ALTER TABLE `image_resource` DISABLE KEYS */;
INSERT INTO `image_resource` VALUES ('0466df2b561f47518d0ac2eaaa90b2a0','00c7d5c27921460da0e2f23b839a6b05','20190328145229201903281452290.jpg','/imgs/1553755949809',0.077,4,NULL,'2019-03-28 06:52:29','2019-03-28 06:52:29'),('04ee2b6792124acf8c0df7abbfd1eb97','00ff697cd9ff4f9d8393ba7db6ddd8ec','20190318155516201903181555163.jpg','/imgs/1552895717994',0.048,2,NULL,'2019-03-18 07:55:18','2019-03-18 07:55:18'),('051e834050924acaa74ea82860ac525f','77dc76c921c14c8f9fe507ad747d1e7d','20190308090624201903080906241.jpg','/imgs/1552007184802',0.106,5,NULL,'2019-03-08 01:06:24','2019-03-08 01:06:24'),('08733fe1b19f4266b8a19f23937e77d7','ef0d8ef3aa2f4e5898f13489ff16b5d4','20190312102731201903121027312.jpg','/imgs/1552357651753',0.018,4,NULL,'2019-03-12 02:27:31','2019-03-12 02:27:31'),('0af4ef2431504f4fb224e28355b04822','047a4fb8b8354731aba66a8b16efab40','20190308135536201903081355360.jpg','/imgs/1552024536578',0.012,4,NULL,'2019-03-08 05:55:36','2019-03-08 05:55:36'),('0c2f3296fcde46c293432bf17dde71ad','00ff697cd9ff4f9d8393ba7db6ddd8ec','20190318155516201903181555162.jpg','/imgs/1552895717990',0.048,2,NULL,'2019-03-18 07:55:17','2019-03-18 07:55:17'),('0c7f8414f83341b6804107fa6034d94f','00c7d5c27921460da0e2f23b839a6b05','20190306113731201903061137311.jpg','/imgs/1551843452320',0.048,2,NULL,'2019-03-06 03:37:32','2019-03-06 03:37:32'),('0d10c5592abe4433b41adf0c824a82b2','65c6bbba465343fbad3627d1d9734604','20190328111017201903281110170.jpg','/imgs/1553742617890',0.011,4,NULL,'2019-03-28 03:10:17','2019-03-28 03:10:17'),('0d6218c3cab046c28e48c8035628fb18','00ff697cd9ff4f9d8393ba7db6ddd8ec','20190318155516201903181555161.jpg','/imgs/1552895717986',0.048,2,NULL,'2019-03-18 07:55:17','2019-03-18 07:55:17'),('0fd226b793e34e8e94c7731bfc817b93','7eb99228e6b2443eb1c67d1affaac464','20190306172341201903061723410.jpg','/imgs/1551864222290',0.136,4,NULL,'2019-03-06 09:23:42','2019-03-06 09:23:42'),('1393621720bb47c1bb88f01dfaf8d571','2e5f75ff85ed4481a6a506f29040e255','未标题-1.jpg','/imgs/1552032999585',8.863,2,NULL,'2019-03-08 08:16:39','2019-03-08 08:16:39'),('1617686ad90a4c0bb178a62131447b12','c79a41bdc49541b6b54b06ac96afda02','公司执照.jpg','/imgs/1553242264995',0.011,3,NULL,'2019-03-22 08:11:04','2019-03-22 08:11:04'),('1627835f44734f74be6ce4ea82d9c0e8','0d2fe940df334167b918266957a9f058','20190308141120201903081411200.jpg','/imgs/1552025481744',0.013,2,NULL,'2019-03-08 06:11:21','2019-03-08 06:11:21'),('184bbe8a91234a0cb2441e6135dc0e14','c705295c4f6647cc970210a961f99ba4','20190308090803201903080908031.jpg','/imgs/1552007283883',0.009,4,NULL,'2019-03-08 01:08:03','2019-03-08 01:08:03'),('1b02d396958c413faca2c7083b58e462','00c7d5c27921460da0e2f23b839a6b05','20190306113731201903061137310.jpg','/imgs/1551843452316',0.048,2,NULL,'2019-03-06 03:37:32','2019-03-06 03:37:32'),('1bf8b4952fbe41f09aaa1434a72025cc','00c7d5c27921460da0e2f23b839a6b05','20190306114746201903061147466.jpg','/imgs/1551844069824',0.048,2,NULL,'2019-03-06 03:47:49','2019-03-06 03:47:49'),('2227a8498663442f928c9383d0e8b348','c705295c4f6647cc970210a961f99ba4','20190308090803201903080908032.jpg','/imgs/1552007283897',0.045,4,NULL,'2019-03-08 01:08:03','2019-03-08 01:08:03'),('23570d79c099452ab82161c02da5c1b1','00c7d5c27921460da0e2f23b839a6b05','20190306114746201903061147462.jpg','/imgs/1551844069811',0.048,2,NULL,'2019-03-06 03:47:49','2019-03-06 03:47:49'),('23ebe630647f40e4909246f2ceff62c2','77dc76c921c14c8f9fe507ad747d1e7d','20190308090624201903080906242.jpg','/imgs/1552007184804',0.083,5,NULL,'2019-03-08 01:06:24','2019-03-08 01:06:24'),('2530dd7f1a704c19a8dc5b65d23507ad','c66e06c9ea164b69a60992f00b3d52e3','微信图片_20181012171921.jpg','/imgs/1551863651319',1.446,2,NULL,'2019-03-06 09:14:11','2019-03-06 09:14:11'),('2797189c25754f78ba78d919ad27a7d6','9406458f654b4a3aa380fa645ec66fbf','装修合同.jpg','/imgs/1551840033646',0.011,3,NULL,'2019-03-06 02:40:33','2019-03-06 02:40:33'),('27d02b7080b747a69e11ac6d901a7677','00c7d5c27921460da0e2f23b839a6b05','20190306115014201903061150141.jpg','/imgs/1551844216223',0.048,2,NULL,'2019-03-06 03:50:16','2019-03-06 03:50:16'),('2a52ce5b4dc84b15baefbfc90823e66c','00ff697cd9ff4f9d8393ba7db6ddd8ec','未标题-1.jpg','/imgs/1552896293788',2.181,1,NULL,'2019-03-18 08:04:53','2019-03-18 08:04:53'),('2a9741b594a24525b08aac6e733ddc86','00c7d5c27921460da0e2f23b839a6b05','20190306115014201903061150145.jpg','/imgs/1551844216237',0.048,2,NULL,'2019-03-06 03:50:16','2019-03-06 03:50:16'),('300b7fb5b8374f9a88f0283045dc5a87','65c6bbba465343fbad3627d1d9734604','20190328110941201903281109410.jpg','/imgs/1553742582366',0.016,4,NULL,'2019-03-28 03:09:42','2019-03-28 03:09:42'),('301a148f6cdd4d87a48f23e6197a53ad','00c7d5c27921460da0e2f23b839a6b05','20190306115233201903061152330.jpg','/imgs/1551844354659',0.165,2,NULL,'2019-03-06 03:52:34','2019-03-06 03:52:34'),('3100bbd4f8354c41975f6b82e04012f8','65c6bbba465343fbad3627d1d9734604','20190328111218201903281112180.jpg','/imgs/1553742739033',0.011,4,NULL,'2019-03-28 03:12:19','2019-03-28 03:12:19'),('3341f58310a64a3294425f55a481be82','e7e2af3019204e389599e32a2bcb3e90','公司执照.jpg','/imgs/1551861827924',0.011,3,NULL,'2019-03-06 08:43:47','2019-03-06 08:43:47'),('33936045c2294a199e110aab8b704e46','00c7d5c27921460da0e2f23b839a6b05','20190306114746201903061147463.jpg','/imgs/1551844069814',0.048,2,NULL,'2019-03-06 03:47:49','2019-03-06 03:47:49'),('3457623414ed48379095ea8da1fd460f','00ff697cd9ff4f9d8393ba7db6ddd8ec','未标题-1.jpg','/imgs/1552896293783',2.181,1,NULL,'2019-03-18 08:04:53','2019-03-18 08:04:53'),('381bf71d56134c05bb71b072c3a2c7a0','00ff697cd9ff4f9d8393ba7db6ddd8ec','20190318155516201903181555165.jpg','/imgs/1552895718005',0.048,2,NULL,'2019-03-18 07:55:18','2019-03-18 07:55:18'),('383896a3c2414a7591d149d8983f15f2','976a26b8f06143fdb7545d44d9e90185','公司执照.jpg','/imgs/1554188506356',0.011,5,NULL,'2019-04-02 07:01:46','2019-04-02 07:01:46'),('387e035fa3354014a9e6a4606d5040e0','0d2fe940df334167b918266957a9f058','2.jpg','/imgs/1552023437505',0.038,1,NULL,'2019-03-08 05:37:17','2019-03-08 05:37:17'),('3a5717b0fdf24e6ca4b3e89f75806402','77dc76c921c14c8f9fe507ad747d1e7d','20190308090624201903080906240.jpg','/imgs/1552007184797',0.003,5,NULL,'2019-03-08 01:06:24','2019-03-08 01:06:24'),('3b54efe9b0924f1db743f80469892112','00ff697cd9ff4f9d8393ba7db6ddd8ec','未标题-1 - 副本 (7).jpg','/imgs/1552896632701',2.181,1,NULL,'2019-03-18 08:10:32','2019-03-18 08:10:32'),('3c877d883a214b1690ffa6cdb720c6b2','1595111d68324a53b67c2f74f2d6f9f8','20190306172418201903061724180.jpg','/imgs/1551864259607',0.226,4,NULL,'2019-03-06 09:24:19','2019-03-06 09:24:19'),('3df0b9b29ca245fa8d824cf87212f9d6','7a3a4a129de04edea45a2a92a44145e3','纯logo.png','/imgs/1552484818310',0.122,3,NULL,'2019-03-13 13:46:58','2019-03-13 13:46:58'),('3e498b0bde80440bb2edb51587759a0b','c431ade1f9c140f8b7934eb5d2ad7f45','20190314102513201903141025130.jpg','/imgs/1552530313927',0.016,4,NULL,'2019-03-14 02:25:13','2019-03-14 02:25:13'),('4471748c3fb741d8a1788ca6d04f530d','881214cde53240ef92c667796e7c2de6','$J)NPLG9EE0YUF%GP%%SZCE.png','/imgs/1552615798403',0.038,2,NULL,'2019-03-15 02:09:58','2019-03-15 02:09:58'),('47f521a01be747149cc4d57c4c1f27c7','00c7d5c27921460da0e2f23b839a6b05','009.jpg','/imgs/1552614372836',0.018,1,NULL,'2019-03-15 01:46:12','2019-03-15 01:46:12'),('48d94e5bfed446d8af5ff8f8b672e371','00ff697cd9ff4f9d8393ba7db6ddd8ec','20190319150545201903191505450.jpg','/imgs/1552979146954',0.132,2,NULL,'2019-03-19 07:05:46','2019-03-19 07:05:46'),('49bd8a47dfc041d6a7b31dfb97d6096c','00ff697cd9ff4f9d8393ba7db6ddd8ec','未标题-1.jpg','/imgs/1552896632688',2.181,1,NULL,'2019-03-18 08:10:32','2019-03-18 08:10:32'),('49f2ff0fcf6d4be299f6fcfc1dcb658d','65c6bbba465343fbad3627d1d9734604','设计图.jpg','/imgs/1551943417388',0.013,2,NULL,'2019-03-07 07:23:37','2019-03-07 07:23:37'),('4c6a7f6924d74b8688f4f4872569268d','7016811896314fb9a64858b316e5834a','公司执照.jpg','/imgs/1552017299262',0.011,3,NULL,'2019-03-08 03:54:59','2019-03-08 03:54:59'),('4d195a8084434f0e81c70ff6ea01b19b','2e5f75ff85ed4481a6a506f29040e255','1 (2).jpg','/imgs/1552032999575',3.713,2,NULL,'2019-03-08 08:16:39','2019-03-08 08:16:39'),('51afe6d51d1e4589a53110e346a35ca8','00ff697cd9ff4f9d8393ba7db6ddd8ec','未标题-1 - 副本 (6).jpg','/imgs/1552896632727',2.181,1,NULL,'2019-03-18 08:10:32','2019-03-18 08:10:32'),('5386d3f58ebb4646a9fc269985af1b2f','00ff697cd9ff4f9d8393ba7db6ddd8ec','20190319153623201903191536230.jpg','/imgs/1552980984023',0.019,2,NULL,'2019-03-19 07:36:24','2019-03-19 07:36:24'),('5d27d4ccd40f40d8b968b4d888f6f690','bc28221d2a4343a29482129cea92a17e','20190401101438201904011014380.jpg','/imgs/1554084887358',0.011,4,NULL,'2019-04-01 02:14:47','2019-04-01 02:14:47'),('5e363f9f2f9f4d8b936fed8b87fb0b5a','00ff697cd9ff4f9d8393ba7db6ddd8ec','未标题-1 - 副本 (3).jpg','/imgs/1552896632697',2.181,1,NULL,'2019-03-18 08:10:32','2019-03-18 08:10:32'),('5f832f0696b54f48a8c3a0f387284b2b','00c7d5c27921460da0e2f23b839a6b05','20190306113731201903061137314.jpg','/imgs/1551843452332',0.048,2,NULL,'2019-03-06 03:37:32','2019-03-06 03:37:32'),('60a0a91273814b00bf805d9442c14f2e','00c7d5c27921460da0e2f23b839a6b05','20190306114746201903061147465.jpg','/imgs/1551844069821',0.048,2,NULL,'2019-03-06 03:47:49','2019-03-06 03:47:49'),('642c30639026436fa679a2a91656caeb','00c7d5c27921460da0e2f23b839a6b05','20190306115014201903061150146.jpg','/imgs/1551844216240',0.048,2,NULL,'2019-03-06 03:50:16','2019-03-06 03:50:16'),('650cc041375046fdbca7ad5404701a90','00c7d5c27921460da0e2f23b839a6b05','20190328144259201903281442590.jpg','/imgs/1553755381521',0.166,4,NULL,'2019-03-28 06:43:01','2019-03-28 06:43:01'),('66ce55940fd74fe7b72978f103eed35a','cf4ea4c5cf8a40cbb9735ec37c895a6f','装修合同.jpg','/imgs/1551840790745',0.011,2,NULL,'2019-03-06 02:53:10','2019-03-06 02:53:10'),('67aa08633b6b436481b0a48c8c35a442','00c7d5c27921460da0e2f23b839a6b05','20190306113731201903061137317.jpg','/imgs/1551843452344',0.048,2,NULL,'2019-03-06 03:37:32','2019-03-06 03:37:32'),('67b4e54038a44dd18d9739d9f9633af4','25a09407bc7849ef91cb1cde7a6ec52f','2.jpg','/imgs/1552025671266',0.038,5,NULL,'2019-03-08 06:14:31','2019-03-08 06:14:31'),('6a3b7e3009f24d6a9c3dcf1221e5354b','00ff697cd9ff4f9d8393ba7db6ddd8ec','未标题-1.jpg','/imgs/1552896318698',2.181,1,NULL,'2019-03-18 08:05:18','2019-03-18 08:05:18'),('6a620bd1bd544ef9ae7dac1866d005a0','65c6bbba465343fbad3627d1d9734604','装修合同.jpg','/imgs/1551943417379',0.011,1,NULL,'2019-03-07 07:23:37','2019-03-07 07:23:37'),('748c0b2287c2434884705f591ab8d5e6','00ff697cd9ff4f9d8393ba7db6ddd8ec','20190314102941201903141029410.jpg','/imgs/1552530582039',0.016,2,NULL,'2019-03-14 02:29:42','2019-03-14 02:29:42'),('77678bd84b1e4ccda29b33c227b3bc31','00ff697cd9ff4f9d8393ba7db6ddd8ec','未标题-1 - 副本 (8).jpg','/imgs/1552896632706',2.181,1,NULL,'2019-03-18 08:10:32','2019-03-18 08:10:32'),('7f81270aacd64de3ba124cc1b250d722','00ff697cd9ff4f9d8393ba7db6ddd8ec','20190318155516201903181555164.jpg','/imgs/1552895718001',0.048,2,NULL,'2019-03-18 07:55:18','2019-03-18 07:55:18'),('7fcdc60552d442b89ca1fd85d7640f15','00c7d5c27921460da0e2f23b839a6b05','20190306113731201903061137312.jpg','/imgs/1551843452325',0.048,2,NULL,'2019-03-06 03:37:32','2019-03-06 03:37:32'),('84eeb0667a5b4b7e800f32b250b54570','00ff697cd9ff4f9d8393ba7db6ddd8ec','未标题-1 - 副本 (5).jpg','/imgs/1552896632720',2.181,1,NULL,'2019-03-18 08:10:32','2019-03-18 08:10:32'),('868b54fdb6d24b7ab817598f2cf6dd6f','c705295c4f6647cc970210a961f99ba4','20190308090803201903080908030.jpg','/imgs/1552007283881',0.158,4,NULL,'2019-03-08 01:08:03','2019-03-08 01:08:03'),('88f955b7d6c4498997f20d028b6dd59d','00ff697cd9ff4f9d8393ba7db6ddd8ec','未标题-1 - 副本 (9).jpg','/imgs/1552896632715',2.181,1,NULL,'2019-03-18 08:10:32','2019-03-18 08:10:32'),('88fbcc91d4bb4e0a8741c2639b0ef910','00c7d5c27921460da0e2f23b839a6b05','20190306115014201903061150147.jpg','/imgs/1551844216243',0.048,2,NULL,'2019-03-06 03:50:16','2019-03-06 03:50:16'),('89d22cc6584f4cb39207f2c99669e259','00c7d5c27921460da0e2f23b839a6b05','010.jpg','/imgs/1552614297268',0.017,1,NULL,'2019-03-15 01:44:57','2019-03-15 01:44:57'),('8ce8a38bbc7c4f3f9c0f603552c6e19c','2e5630724cb444caa88f200431146a21','微信图片_20190306163542.jpg','/imgs/1551862073374',0.257,1,NULL,'2019-03-06 08:47:53','2019-03-06 08:47:53'),('8d6fe92fdebc42ebbb36b93628755888','00c7d5c27921460da0e2f23b839a6b05','20190306114746201903061147464.jpg','/imgs/1551844069818',0.048,2,NULL,'2019-03-06 03:47:49','2019-03-06 03:47:49'),('8ea9e6aa0ae64215acf3b1ddcc676645','00c7d5c27921460da0e2f23b839a6b05','20190306114745201903061147451.jpg','/imgs/1551844069808',0.048,2,NULL,'2019-03-06 03:47:49','2019-03-06 03:47:49'),('8f8220e853ef4a40936e1196df1d8fa1','83d56fe2fdef4d8cb87cd7c3fd7d6a0d','20190314101149201903141011490.jpg','/imgs/1552529509662',0.011,4,NULL,'2019-03-14 02:11:49','2019-03-14 02:11:49'),('91e73434cb624d5f93b60dee75970b75','00c7d5c27921460da0e2f23b839a6b05','20190306114746201903061147467.jpg','/imgs/1551844069827',0.048,2,NULL,'2019-03-06 03:47:49','2019-03-06 03:47:49'),('92197137fe32464d9cf5347abb3cfedc','00c7d5c27921460da0e2f23b839a6b05','20190306113731201903061137316.jpg','/imgs/1551843452341',0.048,2,NULL,'2019-03-06 03:37:32','2019-03-06 03:37:32'),('95ae8409e5c04fb7ab01c030b8b65328','2e5f75ff85ed4481a6a506f29040e255','1 (2).jpg','/imgs/1552033064136',3.713,2,NULL,'2019-03-08 08:17:44','2019-03-08 08:17:44'),('985f3c8803714147baa02fcfefce40f8','ef0d8ef3aa2f4e5898f13489ff16b5d4','20190312102731201903121027311.jpg','/imgs/1552357651750',0.006,4,NULL,'2019-03-12 02:27:31','2019-03-12 02:27:31'),('9d5f36d7872e4244bcbf01b4fbae97c0','0d2fe940df334167b918266957a9f058','20190308141130201903081411300.jpg','/imgs/1552025490992',0.012,1,NULL,'2019-03-08 06:11:30','2019-03-08 06:11:30'),('a2c2fdba830d4dff88310803d29c4db4','00ff697cd9ff4f9d8393ba7db6ddd8ec','20190314102950201903141029500.jpg','/imgs/1552530591094',0.011,1,NULL,'2019-03-14 02:29:51','2019-03-14 02:29:51'),('a30d35d282a5498ab696e58926bd9b09','57a513efe18241a2bc6c554e8ef60135','20190306112910201903061129100.jpg','/imgs/1551842951027',0.016,4,NULL,'2019-03-06 03:29:11','2019-03-06 03:29:11'),('a996a8e5095e48488ce6646311ca238b','00ff697cd9ff4f9d8393ba7db6ddd8ec','未标题-1 - 副本 (4).jpg','/imgs/1552896632711',2.181,1,NULL,'2019-03-18 08:10:32','2019-03-18 08:10:32'),('b16d7b208db84e42bd3517f646cbb020','0d2fe940df334167b918266957a9f058','设计图.jpg','/imgs/1552017570194',0.013,2,NULL,'2019-03-08 03:59:30','2019-03-08 03:59:30'),('b2c15d23a9d141f4ac841a03a048a212','00c7d5c27921460da0e2f23b839a6b05','20190306113731201903061137313.jpg','/imgs/1551843452329',0.048,2,NULL,'2019-03-06 03:37:32','2019-03-06 03:37:32'),('b42bf12b349e43f4a4bfc97e8f904861','3f570b85f9d44e23b346c7f99aca9056','20190314102650201903141026500.jpg','/imgs/1552530410663',0.011,4,NULL,'2019-03-14 02:26:50','2019-03-14 02:26:50'),('ba887ea97e8c4b9abfa47adc4f5e98d5','00c7d5c27921460da0e2f23b839a6b05','未标题-1 - 副本.jpg','/imgs/1553740174371',2.181,2,NULL,'2019-03-28 02:29:34','2019-03-28 02:29:34'),('bcaa53259376406e9a648b9c70729287','00c7d5c27921460da0e2f23b839a6b05','20190328104405201903281044050.jpg','/imgs/1553741047783',0.075,1,NULL,'2019-03-28 02:44:07','2019-03-28 02:44:07'),('bd51238639be461090fc5737420efc96','00ff697cd9ff4f9d8393ba7db6ddd8ec','20190318155516201903181555160.jpg','/imgs/1552895717980',0.048,2,NULL,'2019-03-18 07:55:17','2019-03-18 07:55:17'),('c1ddefa62aea4ca9bdd9b092d7f8cb5c','00ff697cd9ff4f9d8393ba7db6ddd8ec','未标题-1 - 副本 (2).jpg','/imgs/1552896632693',2.181,1,NULL,'2019-03-18 08:10:32','2019-03-18 08:10:32'),('c2275544e7b346d5a8d5cfd9f90e1c6a','00c7d5c27921460da0e2f23b839a6b05','20190306115014201903061150143.jpg','/imgs/1551844216230',0.048,2,NULL,'2019-03-06 03:50:16','2019-03-06 03:50:16'),('c2d78c7f73d04187a83090100f02f5bd','0d2fe940df334167b918266957a9f058','装修合同.jpg','/imgs/1552017570187',0.011,1,NULL,'2019-03-08 03:59:30','2019-03-08 03:59:30'),('c9bea19c3dc34b6d8a80b46622f903bb','70d48e41e3b449fbb48bc3ef01643c87','20190306173806201903061738060.jpg','/imgs/1551865087543',0.22,4,NULL,'2019-03-06 09:38:07','2019-03-06 09:38:07'),('d4a1407db8dd41899dab752290269a69','00c7d5c27921460da0e2f23b839a6b05','20190328111320201903281113200.jpg','/imgs/1553742800443',0.011,4,NULL,'2019-03-28 03:13:20','2019-03-28 03:13:20'),('d813d626a04841519f5bab477a87b9c2','00c7d5c27921460da0e2f23b839a6b05','20190306115032201903061150320.jpg','/imgs/1551844234490',0.17,2,NULL,'2019-03-06 03:50:34','2019-03-06 03:50:34'),('da0ff5362277462fac38931a15b539eb','12a594a25cfa45b1a88396e8e022a476','微信图片_20190306163542.jpg','/imgs/1551861678055',0.257,3,NULL,'2019-03-06 08:41:18','2019-03-06 08:41:18'),('de642bdef9d147ffb66d1703fa244941','00c7d5c27921460da0e2f23b839a6b05','20190306114745201903061147450.jpg','/imgs/1551844069804',0.048,2,NULL,'2019-03-06 03:47:49','2019-03-06 03:47:49'),('e0eea6fc92e743d8ac3e4662f34b1e11','65c6bbba465343fbad3627d1d9734604','20190328110911201903281109110.jpg','/imgs/1553742552483',0.011,4,NULL,'2019-03-28 03:09:12','2019-03-28 03:09:12'),('e1ca6270fe6e4810825d78b2e8f29951','ef0d8ef3aa2f4e5898f13489ff16b5d4','20190312102731201903121027310.jpg','/imgs/1552357651747',0.056,4,NULL,'2019-03-12 02:27:31','2019-03-12 02:27:31'),('e3ad409af80a48ddac4e626b141695d7','00ff697cd9ff4f9d8393ba7db6ddd8ec','20190318155516201903181555166.jpg','/imgs/1552895718009',0.048,2,NULL,'2019-03-18 07:55:18','2019-03-18 07:55:18'),('e3f01de2b7cd4c77a12345f6800f1c10','00ff697cd9ff4f9d8393ba7db6ddd8ec','20190319153700201903191537000.jpg','/imgs/1552981020817',0.021,2,NULL,'2019-03-19 07:37:00','2019-03-19 07:37:00'),('e471be964ac3424bb51f36b7ce547849','00ff697cd9ff4f9d8393ba7db6ddd8ec','未标题-1.jpg','/imgs/1552896318693',2.181,1,NULL,'2019-03-18 08:05:18','2019-03-18 08:05:18'),('e4844f33878c4545abba45ea615aa2ee','00c7d5c27921460da0e2f23b839a6b05','20190306115014201903061150140.jpg','/imgs/1551844216219',0.048,2,NULL,'2019-03-06 03:50:16','2019-03-06 03:50:16'),('e7a0effa329b4fe38e4bb925c8f65284','2e5f75ff85ed4481a6a506f29040e255','未标题-1.jpg','/imgs/1552033064130',8.863,2,NULL,'2019-03-08 08:17:44','2019-03-08 08:17:44'),('eae5a3441b3744108386c9d1257e6eb4','c66e06c9ea164b69a60992f00b3d52e3','2层微信图片_20181004172209.jpg','/imgs/1551863651315',0.081,1,NULL,'2019-03-06 09:14:11','2019-03-06 09:14:11'),('ed57815ceec74d86b5149e43381fc719','cf4ea4c5cf8a40cbb9735ec37c895a6f','设计图.jpg','/imgs/1551840790740',0.013,1,NULL,'2019-03-06 02:53:10','2019-03-06 02:53:10'),('f2fb57c366924f2ea365b90fb34d49d3','0d2fe940df334167b918266957a9f058','02.png','/imgs/1552023426067',0.023,2,NULL,'2019-03-08 05:37:06','2019-03-08 05:37:06'),('f49b6134fdf04f06ae00f1608f1f1edd','00c7d5c27921460da0e2f23b839a6b05','20190306115014201903061150144.jpg','/imgs/1551844216234',0.048,2,NULL,'2019-03-06 03:50:16','2019-03-06 03:50:16'),('fb4a3e02e16f4c0f8d3ba336a860734a','00ff697cd9ff4f9d8393ba7db6ddd8ec','未标题-1 - 副本.jpg','/imgs/1552896632723',2.181,1,NULL,'2019-03-18 08:10:32','2019-03-18 08:10:32'),('fdbd1ca56ca24ee28dbddafa3cb91fb8','00c7d5c27921460da0e2f23b839a6b05','20190306113731201903061137315.jpg','/imgs/1551843452335',0.048,2,NULL,'2019-03-06 03:37:32','2019-03-06 03:37:32'),('ff864a2167bc4183bd9f8bb3df443618','00c7d5c27921460da0e2f23b839a6b05','20190306115014201903061150142.jpg','/imgs/1551844216227',0.048,2,NULL,'2019-03-06 03:50:16','2019-03-06 03:50:16');
/*!40000 ALTER TABLE `image_resource` ENABLE KEYS */;
UNLOCK TABLES;

--
-- Table structure for table `powers`
--

DROP TABLE IF EXISTS `powers`;
/*!40101 SET @saved_cs_client     = @@character_set_client */;
/*!40101 SET character_set_client = utf8 */;
CREATE TABLE `powers` (
  `id` varchar(32) NOT NULL,
  `url` varchar(245) DEFAULT NULL,
  `name` varchar(45) DEFAULT NULL,
  PRIMARY KEY (`id`),
  UNIQUE KEY `id_UNIQUE` (`id`)
) ENGINE=InnoDB DEFAULT CHARSET=utf8;
/*!40101 SET character_set_client = @saved_cs_client */;

--
-- Dumping data for table `powers`
--

LOCK TABLES `powers` WRITE;
/*!40000 ALTER TABLE `powers` DISABLE KEYS */;
/*!40000 ALTER TABLE `powers` ENABLE KEYS */;
UNLOCK TABLES;

--
-- Table structure for table `procedure`
--

DROP TABLE IF EXISTS `procedure`;
/*!40101 SET @saved_cs_client     = @@character_set_client */;
/*!40101 SET character_set_client = utf8 */;
CREATE TABLE `procedure` (
  `id` varchar(32) NOT NULL COMMENT '流程编号',
  `pro_id` varchar(32) NOT NULL COMMENT '项目id',
  `name` varchar(64) DEFAULT NULL COMMENT '流程名称\n',
  `process` int(11) DEFAULT '0' COMMENT '流程进度（%）\n',
  `accept` int(11) NOT NULL DEFAULT '1' COMMENT '验证 1.待验证 2.通过 3.不通过（默认1）',
  `status` int(11) DEFAULT '1' COMMENT '状态  1.未启动  2.装修中 3.已完成（默认1）\n',
  `proc_start_time` timestamp NULL DEFAULT NULL COMMENT '计划启动时间\n',
  `proc_end_time` timestamp NULL DEFAULT NULL COMMENT '计划结束时间\n',
  `time_assess` int(11) DEFAULT '0' COMMENT '动态时间评估      +延期 -提前\n',
  `notice` int(11) NOT NULL DEFAULT '2' COMMENT '通知 1.新消息 2.已读消息 ',
  `refuse_msg` varchar(255) DEFAULT NULL COMMENT '不通过的原因',
  `remark` varchar(128) DEFAULT NULL,
  `created` timestamp NOT NULL DEFAULT CURRENT_TIMESTAMP,
  `updated` timestamp NOT NULL DEFAULT CURRENT_TIMESTAMP ON UPDATE CURRENT_TIMESTAMP,
  PRIMARY KEY (`id`)
) ENGINE=InnoDB DEFAULT CHARSET=utf8 COMMENT='项目流程';
/*!40101 SET character_set_client = @saved_cs_client */;

--
-- Dumping data for table `procedure`
--

LOCK TABLES `procedure` WRITE;
/*!40000 ALTER TABLE `procedure` DISABLE KEYS */;
INSERT INTO `procedure` VALUES ('0ba3725047da4c199754cc3aad4f405b','9bbc5e5ee4234bbba57a9372f2363a15','测试流程007',0,1,1,'2019-05-24 04:00:00','2019-05-31 04:00:00',0,0,'哈哈哈哈哈',NULL,'2019-03-18 06:27:02','2019-03-18 07:05:37'),('1ca0aaf56c104224bfd0b403bfd7b060','9bbc5e5ee4234bbba57a9372f2363a15','测试流程001',100,2,3,'2019-05-02 04:00:00','2019-05-10 04:00:00',-49,2,'测试流程驳回',NULL,'2019-03-14 01:44:22','2019-03-14 02:29:03'),('2eaf928b14bb4657a7125fa39195be92','9bbc5e5ee4234bbba57a9372f2363a15','测试流程004',14,2,2,'2019-05-21 04:00:00','2019-05-25 04:00:00',0,2,'哈哈哈哈哈哈哈',NULL,'2019-03-18 06:13:18','2019-03-18 07:39:56'),('2f599eb3d4064b2d8a78b733c55a750b','d25b87cc2eb142ada2f04e334576d3ca','木工阶段',100,2,3,'2019-04-11 00:00:00','2019-04-20 00:00:00',-34,2,NULL,NULL,'2019-03-08 05:39:02','2019-03-08 06:05:30'),('31ba371a19b540ee87dc99be444e393f','f55fc0407ee744c78d94664591abbc51','墙漆阶段',100,2,3,'2019-05-11 00:00:00','2019-05-15 00:00:00',-64,2,NULL,NULL,'2019-03-08 06:41:15','2019-03-08 07:58:09'),('3d6269fb221044dbaa26d86a7577fc40','505db1c744d6440f820084d942ff4ce6','木工阶段',100,2,3,'2019-05-02 04:00:00','2019-05-06 04:00:00',-35,2,'哈哈哈哈我的微博已经开了一个人的微博已经开了一个人的微博已经开了一个人的微博已经开了一个人的微博已经开了一个人的微博已经开了一个人的微博已经开了一个人的微博已经开了一个人',NULL,'2019-03-18 03:53:13','2019-04-01 02:18:45'),('3fc1ea9953dd4119ae308a37e0ebd1ff','9bbc5e5ee4234bbba57a9372f2363a15','测试流程006',0,2,2,'2019-05-23 04:00:00','2019-05-31 04:00:00',0,2,'哈哈哈哈',NULL,'2019-03-18 06:26:36','2019-03-18 08:22:51'),('44f59158bd1e4d1096bccda381a88183','f55fc0407ee744c78d94664591abbc51','木工阶段',100,2,3,'2019-05-16 04:00:00','2019-05-20 04:00:00',-69,1,'测试结果',NULL,'2019-03-08 07:13:46','2019-03-08 07:58:40'),('4703b2c6f62f4d63adfe767b483370b3','3370367e7fd6445e8b15407795c697d2','土建',100,2,3,'2019-03-08 00:00:00','2019-03-28 00:00:00',-2,1,NULL,NULL,'2019-03-06 09:16:50','2019-03-06 09:20:26'),('65827a1ad221468f8fbe356cf942b479','9bbc5e5ee4234bbba57a9372f2363a15','测试流程008',0,1,1,'2019-05-25 04:00:00','2019-05-31 04:00:00',0,0,'哈哈哈哈',NULL,'2019-03-18 06:57:43','2019-03-18 07:00:13'),('6ff0311d9ddb493f87ac4d41f8ca6d46','3c9d08588eb049d888cf0fab2646f4c8','测试流程002',100,2,3,'2019-05-11 00:00:00','2019-05-20 00:00:00',-44,2,NULL,NULL,'2019-03-28 03:06:00','2019-03-28 03:09:02'),('735f8f46118840c384650626da46cca2','a90116cffbd54a29ac379d58dbe4ff48','测试流程001',0,1,1,'2019-04-01 04:00:00','2019-04-30 04:00:00',0,0,NULL,NULL,'2019-03-21 02:24:17','2019-03-21 02:24:17'),('779d6409c5b74f99b0abf4c667068215','5c36c68c0d694666af40115c9de10e11','墙体',0,1,1,'2019-04-26 00:00:00','2019-05-26 00:00:00',0,2,NULL,NULL,'2019-03-15 08:21:05','2019-03-15 08:21:05'),('81a43ada940340928df32903e1489e57','d25b87cc2eb142ada2f04e334576d3ca','墙漆阶段',100,2,3,'2019-04-21 04:00:00','2019-04-25 04:00:00',-44,2,NULL,NULL,'2019-03-08 05:42:28','2019-03-08 06:05:35'),('8ccff514fbb74409b92d2a832abd3f2d','505db1c744d6440f820084d942ff4ce6','木工阶段',0,1,1,'2019-05-17 04:00:00','2019-05-31 04:00:00',0,0,NULL,NULL,'2019-04-02 07:04:41','2019-04-02 07:04:41'),('8da58dd929954ee582fb71c2eb622aa9','1686bbc341a84dc7a06bb4863008452b','测试011',0,1,1,'2019-05-01 04:00:00','2019-05-10 04:00:00',0,0,NULL,NULL,'2019-03-22 08:22:57','2019-03-22 08:22:57'),('985a4669f954478cadd4efca44ccad49','505db1c744d6440f820084d942ff4ce6','墙体改造阶段',30,2,2,'2019-05-01 04:00:00','2019-05-10 04:00:00',3,2,NULL,NULL,'2019-03-06 03:23:20','2019-03-28 03:03:11'),('a0dbd42a7a5d4c73a68839f71a39f431','5c36c68c0d694666af40115c9de10e11','土建',0,1,1,'2019-03-25 00:00:00','2019-04-25 00:00:00',0,2,NULL,NULL,'2019-03-15 08:21:05','2019-03-15 08:21:05'),('a711613059394132a4be424c595d7358','fef147a3238f4bb2a24f9f0ebe5b4ade','测试阶段2',0,1,1,'2019-04-11 04:00:00','2019-04-20 04:00:00',0,0,NULL,NULL,'2019-03-08 08:54:57','2019-03-08 08:54:57'),('b6bb853a11744e27b262ec55bb4241ba','9bbc5e5ee4234bbba57a9372f2363a15','测试流程005',30,2,2,'2019-05-22 04:00:00','2019-05-31 04:00:00',0,2,'哈哈哈哈',NULL,'2019-03-18 06:23:17','2019-03-18 07:40:02'),('ba5b17c9daa543f89ba629af0d0bcd9e','9bbc5e5ee4234bbba57a9372f2363a15','测试流程002',100,2,2,'2019-05-11 04:00:00','2019-05-30 04:00:00',0,2,NULL,NULL,'2019-03-14 01:52:34','2019-03-18 08:22:10'),('c07b9ee845cf4cab86a25072f78028e1','f55fc0407ee744c78d94664591abbc51','墙体改造阶段',100,2,3,'2019-05-01 04:00:00','2019-05-10 04:00:00',-54,2,'测试结果',NULL,'2019-03-08 06:41:15','2019-03-08 07:57:32'),('c30c5f61f29841d1ba517065409a58a3','d25b87cc2eb142ada2f04e334576d3ca','墙体改造阶段',100,2,3,'2019-04-01 00:00:00','2019-04-10 00:00:00',-24,2,NULL,NULL,'2019-03-08 05:39:02','2019-03-08 05:56:52'),('c808d196381d40dd95d6dc14ace573c0','505db1c744d6440f820084d942ff4ce6','木工阶段',20,2,2,'2019-05-05 04:00:00','2019-05-16 04:00:00',0,2,'测试结果',NULL,'2019-03-22 08:44:23','2019-04-02 07:03:49'),('ce03ec29b2e8434ebc8e4dceb47cd333','fef147a3238f4bb2a24f9f0ebe5b4ade','测试阶段1',0,1,1,'2019-04-01 04:00:00','2019-04-10 04:00:00',0,0,NULL,NULL,'2019-03-08 08:54:23','2019-03-08 08:54:23'),('da9ecf37808a441e857b43928bd95417','9bbc5e5ee4234bbba57a9372f2363a15','测试流程003',0,3,1,'2019-05-20 04:00:00','2019-05-23 04:00:00',0,0,'1d512e964c0d683a 1d512e964c0d683a 1d512e964c0d683a 1d512e964c0d683a 1d512e964c0d683a 1d512e964c0d683a 1d512e964c0d683a 1d512e964c0d683a',NULL,'2019-03-14 02:09:41','2019-03-18 06:03:10'),('dfe342b8bd544ff9bb2f81c5e9e13eb4','505db1c744d6440f820084d942ff4ce6','土木阶段',0,3,1,'2019-03-07 05:00:00','2019-03-09 05:00:00',0,0,'Ccgffddxxxdds gfddddcfddcccfffdxccfxxxcffffgvcffvvvhhbb',NULL,'2019-03-07 05:43:00','2019-03-18 03:51:28'),('e5dc4f301c7341a0aac847f62224d2bf','f55fc0407ee744c78d94664591abbc51','测试进度',100,2,3,'2019-05-10 04:00:00','2019-05-23 04:00:00',-63,1,NULL,NULL,'2019-03-08 07:59:03','2019-03-08 07:59:36'),('e71278a1a27444e4ac6308691bb021b6','505db1c744d6440f820084d942ff4ce6','木工阶段',12,2,2,'2019-05-03 04:00:00','2019-05-10 04:00:00',0,2,NULL,NULL,'2019-03-22 08:37:24','2019-04-01 02:18:56'),('eaf4d784a3654d60b373cddfa2e508ed','505db1c744d6440f820084d942ff4ce6','木工阶段',0,2,2,'2019-05-04 04:00:00','2019-05-17 04:00:00',0,2,NULL,NULL,'2019-03-22 08:43:29','2019-03-28 02:22:06'),('ef021a5a9a184765a238c718b1417050','3c9d08588eb049d888cf0fab2646f4c8','测试流程001',100,2,3,'2019-05-01 00:00:00','2019-05-10 00:00:00',-34,2,NULL,NULL,'2019-03-28 03:06:00','2019-03-28 03:14:26');
/*!40000 ALTER TABLE `procedure` ENABLE KEYS */;
UNLOCK TABLES;

--
-- Table structure for table `procedure_template`
--

DROP TABLE IF EXISTS `procedure_template`;
/*!40101 SET @saved_cs_client     = @@character_set_client */;
/*!40101 SET character_set_client = utf8 */;
CREATE TABLE `procedure_template` (
  `id` char(32) NOT NULL COMMENT '模板id',
  `name` varchar(64) DEFAULT NULL COMMENT '模板名称',
  `type` varchar(64) DEFAULT NULL,
  `com_id` varchar(32) DEFAULT NULL COMMENT '关联公司',
  `remark` varchar(128) DEFAULT NULL,
  `created` timestamp NOT NULL DEFAULT CURRENT_TIMESTAMP,
  `updated` timestamp NOT NULL DEFAULT CURRENT_TIMESTAMP ON UPDATE CURRENT_TIMESTAMP,
  PRIMARY KEY (`id`)
) ENGINE=InnoDB DEFAULT CHARSET=utf8 COMMENT='流程模板库';
/*!40101 SET character_set_client = @saved_cs_client */;

--
-- Dumping data for table `procedure_template`
--

LOCK TABLES `procedure_template` WRITE;
/*!40000 ALTER TABLE `procedure_template` DISABLE KEYS */;
/*!40000 ALTER TABLE `procedure_template` ENABLE KEYS */;
UNLOCK TABLES;

--
-- Table structure for table `progress`
--

DROP TABLE IF EXISTS `progress`;
/*!40101 SET @saved_cs_client     = @@character_set_client */;
/*!40101 SET character_set_client = utf8 */;
CREATE TABLE `progress` (
  `id` varchar(32) NOT NULL COMMENT '进度编号',
  `proc_id` varchar(32) NOT NULL COMMENT '流程id',
  `schedule` int(11) NOT NULL COMMENT '进度（%)     0~100\n',
  `type` int(11) NOT NULL COMMENT '类型   1.进度提示 2.整改/延期申请 3.验收申请\n',
  `remark` varchar(128) DEFAULT NULL,
  `created` timestamp NOT NULL DEFAULT CURRENT_TIMESTAMP,
  `updated` timestamp NOT NULL DEFAULT CURRENT_TIMESTAMP ON UPDATE CURRENT_TIMESTAMP,
  PRIMARY KEY (`id`)
) ENGINE=InnoDB DEFAULT CHARSET=utf8 COMMENT='流程进度';
/*!40101 SET character_set_client = @saved_cs_client */;

--
-- Dumping data for table `progress`
--

LOCK TABLES `progress` WRITE;
/*!40000 ALTER TABLE `progress` DISABLE KEYS */;
INSERT INTO `progress` VALUES ('00fb94953f8142babdc96cdfec875a58','2f599eb3d4064b2d8a78b733c55a750b',0,1,NULL,'2019-03-08 05:57:13','2019-03-08 05:57:13'),('05701f1ae55d45c282ff4ee27aa37956','ba5b17c9daa543f89ba629af0d0bcd9e',100,2,NULL,'2019-03-18 08:19:59','2019-03-18 08:19:59'),('07650d19dd28411d8ae9ad3c518de197','2eaf928b14bb4657a7125fa39195be92',0,1,NULL,'2019-03-18 06:29:13','2019-03-18 06:29:13'),('07ca57b22eee4c52ad439ab810f6bc9d','e71278a1a27444e4ac6308691bb021b6',0,1,NULL,'2019-03-22 08:39:13','2019-03-22 08:39:13'),('07e19ac86b1649358a2f42c0fa8e26bd','3d6269fb221044dbaa26d86a7577fc40',10,2,NULL,'2019-03-22 08:42:19','2019-03-22 08:42:19'),('126e966bd5b14e5ca86583aee61d36ec','3d6269fb221044dbaa26d86a7577fc40',55,2,NULL,'2019-03-28 02:09:32','2019-03-28 02:09:32'),('14d13a0351c44a97869f3091589854a3','ef021a5a9a184765a238c718b1417050',0,1,NULL,'2019-03-28 03:07:11','2019-03-28 03:07:11'),('1754a47cb6e24664a3bd996e52284af5','ba5b17c9daa543f89ba629af0d0bcd9e',0,1,NULL,'2019-03-14 02:26:01','2019-03-14 02:26:01'),('1fe3480cc96d4ded8b51bf8f8172621e','6ff0311d9ddb493f87ac4d41f8ca6d46',100,3,NULL,'2019-03-28 03:07:33','2019-03-28 03:07:33'),('20438bcdbdf84f59ba918dce9188b4ba','3d6269fb221044dbaa26d86a7577fc40',100,3,NULL,'2019-03-28 02:36:26','2019-03-28 02:36:26'),('22699f5a39e447cca78d2a1bda230d86','c07b9ee845cf4cab86a25072f78028e1',30,1,NULL,'2019-03-08 07:11:12','2019-03-08 07:11:12'),('2a7254b96e0d4f54b52270afcac358df','c808d196381d40dd95d6dc14ace573c0',10,1,NULL,'2019-04-02 07:03:43','2019-04-02 07:03:43'),('2aecf02eb27e4b9690f9d46286708bd1','e71278a1a27444e4ac6308691bb021b6',10,1,NULL,'2019-03-22 08:42:40','2019-03-22 08:42:40'),('2c5749922db140a5a2fca3ce137b7089','6ff0311d9ddb493f87ac4d41f8ca6d46',0,1,NULL,'2019-03-28 03:07:06','2019-03-28 03:07:06'),('2cfbed2bd6ee42dab000b0a9881429a6','81a43ada940340928df32903e1489e57',100,3,NULL,'2019-03-08 06:00:59','2019-03-08 06:00:59'),('2f74b1563c094b0cbf51e4b2de4a1d6d','e71278a1a27444e4ac6308691bb021b6',12,1,NULL,'2019-04-01 02:18:56','2019-04-01 02:18:56'),('3387cf19d9b1463f878ea06ad0074ea6','1ca0aaf56c104224bfd0b403bfd7b060',10,1,NULL,'2019-03-14 02:07:50','2019-03-14 02:07:50'),('362d72f4969e4190ab1b7ca75ddc3f9d','c30c5f61f29841d1ba517065409a58a3',100,3,NULL,'2019-03-08 05:56:27','2019-03-08 05:56:27'),('367966dc6fab4bd69fa7f02ab34544ff','c808d196381d40dd95d6dc14ace573c0',20,2,NULL,'2019-04-02 07:04:02','2019-04-02 07:04:02'),('368c1b1d14c148759f21dacc5f48cfb2','1ca0aaf56c104224bfd0b403bfd7b060',20,2,NULL,'2019-03-14 02:08:29','2019-03-14 02:08:29'),('38f080159eac4028858021e4adf12262','3d6269fb221044dbaa26d86a7577fc40',54,1,NULL,'2019-03-28 02:09:10','2019-03-28 02:09:10'),('3c6602150bdf4e11aa021c0a9dc42b5e','2eaf928b14bb4657a7125fa39195be92',12,1,NULL,'2019-03-18 06:34:24','2019-03-18 06:34:24'),('3e31aabcd28648a59e2a08d27f7236b5','985a4669f954478cadd4efca44ccad49',15,1,NULL,'2019-03-22 08:23:30','2019-03-22 08:23:30'),('3e5222117b1e4e27b0232d65e30ad816','b6bb853a11744e27b262ec55bb4241ba',0,1,NULL,'2019-03-18 06:30:23','2019-03-18 06:30:23'),('417649cb1bca4447a47991cb0087aefb','985a4669f954478cadd4efca44ccad49',0,1,NULL,'2019-03-06 03:25:45','2019-03-06 03:25:45'),('44237437b56e4b75937bfb7ad86e9609','1ca0aaf56c104224bfd0b403bfd7b060',100,3,NULL,'2019-03-14 02:28:40','2019-03-14 02:28:40'),('4428d6dd437f4b5490c23d289817e5b5','3d6269fb221044dbaa26d86a7577fc40',20,1,NULL,'2019-03-28 02:08:28','2019-03-28 02:08:28'),('46494113d2114006b7917347a46f2019','c808d196381d40dd95d6dc14ace573c0',20,1,NULL,'2019-04-02 07:03:49','2019-04-02 07:03:49'),('48095b4e694547da8264e487414edd84','b6bb853a11744e27b262ec55bb4241ba',30,2,NULL,'2019-03-18 07:30:14','2019-03-18 07:30:14'),('485b1a8a94724771827a6d0f86b8ac9d','c30c5f61f29841d1ba517065409a58a3',15,2,NULL,'2019-03-08 05:50:14','2019-03-08 05:50:14'),('4bbafb1ec7b54015bd33e9eba0f6c113','c30c5f61f29841d1ba517065409a58a3',5,1,NULL,'2019-03-08 05:45:54','2019-03-08 05:45:54'),('4cb2638f6e984d139eecb20517f26ac6','c07b9ee845cf4cab86a25072f78028e1',40,2,NULL,'2019-03-08 07:11:33','2019-03-08 07:11:33'),('58fd28318ce5450596111d7749b5a650','985a4669f954478cadd4efca44ccad49',5,2,NULL,'2019-03-15 01:49:27','2019-03-15 01:49:27'),('5b7af36e6fb440adae99c4b29d831c47','b6bb853a11744e27b262ec55bb4241ba',20,1,NULL,'2019-03-18 07:29:58','2019-03-18 07:29:58'),('5de164ae4b9c42a2afbd6aed21408cbe','2eaf928b14bb4657a7125fa39195be92',13,1,NULL,'2019-03-18 06:40:27','2019-03-18 06:40:27'),('619f5fe6229d485b8c347090b2bf717c','e71278a1a27444e4ac6308691bb021b6',11,1,NULL,'2019-03-28 02:48:30','2019-03-28 02:48:30'),('64e8d004af5a4077b8c52b8996cb2615','c808d196381d40dd95d6dc14ace573c0',0,1,NULL,'2019-04-01 02:12:59','2019-04-01 02:12:59'),('6660ed5a11404185a00c94ea00c88b1f','c30c5f61f29841d1ba517065409a58a3',50,1,NULL,'2019-03-08 05:52:07','2019-03-08 05:52:07'),('66fd365757c044b2961f6a7117a03cf3','4703b2c6f62f4d63adfe767b483370b3',1,1,NULL,'2019-03-06 09:19:29','2019-03-06 09:19:29'),('6f29dc931cf44f779111c338c4f72a0a','3d6269fb221044dbaa26d86a7577fc40',40,1,NULL,'2019-03-28 02:08:38','2019-03-28 02:08:38'),('7735cb76c62941c380dac4df99aefa07','ba5b17c9daa543f89ba629af0d0bcd9e',100,3,NULL,'2019-03-18 08:18:52','2019-03-18 08:18:52'),('78efb4a33b594a74a1f6e0ec0ee2c0c7','2eaf928b14bb4657a7125fa39195be92',100,3,NULL,'2019-03-18 07:29:34','2019-03-18 07:29:34'),('7a106f360a284294ac7c7cda448def08','44f59158bd1e4d1096bccda381a88183',0,1,NULL,'2019-03-08 07:58:22','2019-03-08 07:58:22'),('7a6feddc5d15419ea8d43839036a2f72','2f599eb3d4064b2d8a78b733c55a750b',100,3,NULL,'2019-03-08 05:57:41','2019-03-08 05:57:41'),('7c714471f18d44f99f290787808041a1','3d6269fb221044dbaa26d86a7577fc40',50,1,NULL,'2019-03-28 02:08:48','2019-03-28 02:08:48'),('82686ec10a2a489d8f609b7c39a9d930','c30c5f61f29841d1ba517065409a58a3',100,3,NULL,'2019-03-08 05:52:30','2019-03-08 05:52:30'),('835ba0482a61409aaedcf8173f376444','c07b9ee845cf4cab86a25072f78028e1',0,1,NULL,'2019-03-08 07:07:10','2019-03-08 07:07:10'),('85330771817c41d0b0740ef563da0511','e5dc4f301c7341a0aac847f62224d2bf',100,3,NULL,'2019-03-08 07:59:28','2019-03-08 07:59:28'),('88c2d41c989c45419941b58b5bef94e0','c30c5f61f29841d1ba517065409a58a3',10,2,NULL,'2019-03-08 05:47:52','2019-03-08 05:47:52'),('8c8dcc15c2864b6bab454b5cf1a781d1','3d6269fb221044dbaa26d86a7577fc40',52,1,NULL,'2019-03-28 02:09:03','2019-03-28 02:09:03'),('90da269eec5f450ebb4228cf9c23327f','c07b9ee845cf4cab86a25072f78028e1',100,3,NULL,'2019-03-08 07:57:12','2019-03-08 07:57:12'),('90dd0f784c8b4dd88a4bb9487e17e3a6','ef021a5a9a184765a238c718b1417050',100,3,NULL,'2019-03-28 03:07:17','2019-03-28 03:07:17'),('9421aa9050724e889178851b2851f2c7','3d6269fb221044dbaa26d86a7577fc40',0,1,NULL,'2019-03-22 08:35:53','2019-03-22 08:35:53'),('946f87e979964415b87a6c74de787d02','2eaf928b14bb4657a7125fa39195be92',14,2,NULL,'2019-03-18 06:40:59','2019-03-18 06:40:59'),('9ad713782d68493fafb56c2043816222','1ca0aaf56c104224bfd0b403bfd7b060',20,1,NULL,'2019-03-14 02:07:58','2019-03-14 02:07:58'),('9df571d2bae24b8f882107b38fcbf0bb','985a4669f954478cadd4efca44ccad49',10,1,NULL,'2019-03-15 01:49:41','2019-03-15 01:49:41'),('9e61774d01db4e099e53dccf8c5917ea','c07b9ee845cf4cab86a25072f78028e1',50,2,NULL,'2019-03-08 07:12:39','2019-03-08 07:12:39'),('a0d29c0e55c84f65be0b5a011fd4add7','3fc1ea9953dd4119ae308a37e0ebd1ff',0,1,NULL,'2019-03-18 06:32:50','2019-03-18 06:32:50'),('a1f338228d874a019420cbb422cd057f','3d6269fb221044dbaa26d86a7577fc40',53,1,NULL,'2019-03-28 02:09:06','2019-03-28 02:09:06'),('a2aabda4fb8a4e37ae8f739357428d41','1ca0aaf56c104224bfd0b403bfd7b060',50,2,NULL,'2019-03-14 02:19:15','2019-03-14 02:19:15'),('a3892f770e504e63a2f5918425b31b92','31ba371a19b540ee87dc99be444e393f',0,1,NULL,'2019-03-08 07:57:41','2019-03-08 07:57:41'),('a3e8d5379beb40eda1e384095d58a9d0','1ca0aaf56c104224bfd0b403bfd7b060',100,3,NULL,'2019-03-14 02:28:06','2019-03-14 02:28:06'),('ae1245f6b76245a6bc2a4fe6a8e46d6a','3d6269fb221044dbaa26d86a7577fc40',30,1,NULL,'2019-03-28 02:08:33','2019-03-28 02:08:33'),('afc171fa172749b6ba77299cb2d88495','ef021a5a9a184765a238c718b1417050',100,3,NULL,'2019-03-28 03:08:32','2019-03-28 03:08:32'),('b5aa2844dfa349dc86ef6d74eedeb4d9','6ff0311d9ddb493f87ac4d41f8ca6d46',50,1,NULL,'2019-03-28 03:07:31','2019-03-28 03:07:31'),('ba1ff1f5bc4f4929a807bb789ecb2c2a','eaf4d784a3654d60b373cddfa2e508ed',0,1,NULL,'2019-03-28 02:22:06','2019-03-28 02:22:06'),('bbe888b7a1fa4635b8380834d4072c24','4703b2c6f62f4d63adfe767b483370b3',0,1,NULL,'2019-03-06 09:18:54','2019-03-06 09:18:54'),('bdcfe1bde6264d5a851bd464964321ad','985a4669f954478cadd4efca44ccad49',30,2,NULL,'2019-03-28 03:03:11','2019-03-28 03:03:11'),('be73273a84654d14ba3c8b4e6d3e2cd5','2eaf928b14bb4657a7125fa39195be92',100,3,NULL,'2019-03-18 06:41:55','2019-03-18 06:41:55'),('be7e2231ec474d1aa6bed2847975350a','44f59158bd1e4d1096bccda381a88183',100,3,NULL,'2019-03-08 07:58:26','2019-03-08 07:58:26'),('c38f438d14fa42dfb227aade56544916','c30c5f61f29841d1ba517065409a58a3',0,1,NULL,'2019-03-08 05:44:40','2019-03-08 05:44:40'),('c4c482d8d6654393bebd934660b9d35a','3d6269fb221044dbaa26d86a7577fc40',51,1,NULL,'2019-03-28 02:08:59','2019-03-28 02:08:59'),('c96b9e70ddd043988cba6cb2a755b911','3d6269fb221044dbaa26d86a7577fc40',0,1,NULL,'2019-03-22 08:35:56','2019-03-22 08:35:56'),('d1263aeae0034d5492e60e984dcdf950','4703b2c6f62f4d63adfe767b483370b3',100,3,NULL,'2019-03-06 09:20:07','2019-03-06 09:20:07'),('d685cd3f98834048975b73a2675469df','3d6269fb221044dbaa26d86a7577fc40',0,1,NULL,'2019-03-22 08:35:51','2019-03-22 08:35:51'),('e7969295e68341b2853a7eb5da7f87e9','c07b9ee845cf4cab86a25072f78028e1',20,1,NULL,'2019-03-08 07:07:36','2019-03-08 07:07:36'),('eaf65f6eb7b643e1b1c98ebad957a856','81a43ada940340928df32903e1489e57',0,1,NULL,'2019-03-08 06:00:55','2019-03-08 06:00:55'),('eb2279b9e84f481cafd20518ab4212d7','2eaf928b14bb4657a7125fa39195be92',10,1,NULL,'2019-03-18 06:33:43','2019-03-18 06:33:43'),('ee7fbfb0b9a447238351fd38a33a9518','1ca0aaf56c104224bfd0b403bfd7b060',0,1,NULL,'2019-03-14 02:07:32','2019-03-14 02:07:32'),('efe686eb0b574864ac3e6010fa5048d0','985a4669f954478cadd4efca44ccad49',3,2,NULL,'2019-03-15 01:47:18','2019-03-15 01:47:18'),('f03f0a0e9df64dc5890ac0484ea9fda5','3d6269fb221044dbaa26d86a7577fc40',55,2,NULL,'2019-03-28 02:09:41','2019-03-28 02:09:41'),('f4adfe874ce140e08959721a59ac558b','985a4669f954478cadd4efca44ccad49',1,2,NULL,'2019-03-06 09:32:52','2019-03-06 09:32:52'),('f56391cdc0c848d29bb134310a14d284','c07b9ee845cf4cab86a25072f78028e1',10,1,NULL,'2019-03-08 07:07:23','2019-03-08 07:07:23'),('f7c39c30215c41e49d151af569f03812','b6bb853a11744e27b262ec55bb4241ba',10,1,NULL,'2019-03-18 07:29:50','2019-03-18 07:29:50'),('f87d89fd9a64445786b2d38fa15c6f62','e5dc4f301c7341a0aac847f62224d2bf',0,1,NULL,'2019-03-08 07:59:25','2019-03-08 07:59:25'),('faf7ec14172b4fd083b74b759ccab8fb','31ba371a19b540ee87dc99be444e393f',100,3,NULL,'2019-03-08 07:57:48','2019-03-08 07:57:48');
/*!40000 ALTER TABLE `progress` ENABLE KEYS */;
UNLOCK TABLES;

--
-- Table structure for table `progress_record`
--

DROP TABLE IF EXISTS `progress_record`;
/*!40101 SET @saved_cs_client     = @@character_set_client */;
/*!40101 SET character_set_client = utf8 */;
CREATE TABLE `progress_record` (
  `id` varchar(32) NOT NULL COMMENT '编号',
  `prog_id` varchar(32) NOT NULL COMMENT '进度id',
  `prompt_msg` varchar(256) DEFAULT NULL COMMENT '提示信息',
  `prompt_time` timestamp NULL DEFAULT NULL COMMENT '提示时间',
  `prompt_type` int(11) DEFAULT NULL COMMENT '提示类型',
  `reply_content` varchar(256) DEFAULT NULL COMMENT '客户回复内容',
  `reply_time` timestamp NULL DEFAULT NULL COMMENT '回复时间',
  `reply_type` int(11) DEFAULT NULL COMMENT '回复类型    1.手动  2.自动（app设置）\n自动：客户已授权工程进度审核默认为通过，重要变更请直接联系客户',
  `status` int(11) DEFAULT NULL COMMENT '审核状态 1.审核中 2.已通过  3未通过 ',
  `time_assess` int(11) DEFAULT NULL COMMENT '动态时间评估      +延期 -提前',
  `assess_date` timestamp NULL DEFAULT NULL ON UPDATE CURRENT_TIMESTAMP COMMENT '计划延期/提前完成时间',
  `remark` varchar(128) DEFAULT NULL,
  `created` timestamp NOT NULL DEFAULT CURRENT_TIMESTAMP,
  `updated` timestamp NOT NULL DEFAULT CURRENT_TIMESTAMP ON UPDATE CURRENT_TIMESTAMP,
  PRIMARY KEY (`id`)
) ENGINE=InnoDB DEFAULT CHARSET=utf8 COMMENT='进度记录';
/*!40101 SET character_set_client = @saved_cs_client */;

--
-- Dumping data for table `progress_record`
--

LOCK TABLES `progress_record` WRITE;
/*!40000 ALTER TABLE `progress_record` DISABLE KEYS */;
INSERT INTO `progress_record` VALUES ('0b5f2dc6a9a74bf693d47d85809ab6ba','6660ed5a11404185a00c94ea00c88b1f','','2019-03-08 05:52:07',NULL,NULL,NULL,2,0,NULL,NULL,'2019-03-08 05:52:07','2019-03-08 05:52:07'),('0bbf4b29bc9f4598be95720b76b26794','c38f438d14fa42dfb227aade56544916','项目已启动','2019-03-08 05:44:41',NULL,NULL,NULL,2,0,NULL,NULL,'2019-03-08 05:44:40','2019-03-08 05:44:40'),('0c79603deff241479df11b8ce5d89e44','f7c39c30215c41e49d151af569f03812','','2019-03-18 07:29:51',NULL,NULL,NULL,2,0,NULL,NULL,'2019-03-18 07:29:50','2019-03-18 07:29:50'),('0d509bc7884c4c0abc108510186b6f9d','835ba0482a61409aaedcf8173f376444','项目已启动','2019-03-08 07:07:10',NULL,NULL,NULL,2,0,NULL,NULL,'2019-03-08 07:07:10','2019-03-08 07:07:10'),('10e6c6a989f543d89b94f162bb5b3dfb','eb2279b9e84f481cafd20518ab4212d7','','2019-03-18 06:33:43',NULL,NULL,NULL,2,0,NULL,NULL,'2019-03-18 06:33:43','2019-03-18 06:33:43'),('1344279ccd5041b091d02cd687bf3903','9df571d2bae24b8f882107b38fcbf0bb','','2019-03-15 01:49:42',NULL,NULL,NULL,2,0,NULL,NULL,'2019-03-15 01:49:41','2019-03-15 01:49:41'),('155382b6b7d348d1a99296f87634d78a','9e61774d01db4e099e53dccf8c5917ea','因整改/延期原因：,计划延期1天。','2019-03-08 07:12:40','同意','2019-03-08 07:12:54',0,2,1,'2019-03-08 07:12:54',NULL,'2019-03-08 07:12:39','2019-03-08 07:12:54'),('158e57bc457f40d1ac46a8377834fa86','88c2d41c989c45419941b58b5bef94e0','因测试整改/延期,计划延期1天。','2019-03-08 05:47:53','测试延期整改','2019-03-08 05:48:49',0,3,1,'2019-03-08 05:48:49',NULL,'2019-03-08 05:47:52','2019-03-08 05:48:49'),('17faf5ab026c401e81adb9253d2b3b40','f4adfe874ce140e08959721a59ac558b','因020,计划延期1天。','2019-03-06 09:32:52','测试结果','2019-03-07 02:02:23',0,3,1,'2019-03-07 02:02:22',NULL,'2019-03-06 09:32:52','2019-03-07 02:02:22'),('1d7ce7f4bdcc4c64b279719e96d7e92a','3e5222117b1e4e27b0232d65e30ad816','项目已启动','2019-03-18 06:30:24',NULL,NULL,NULL,2,0,NULL,NULL,'2019-03-18 06:30:23','2019-03-18 06:30:23'),('1ffbddcaff6f4685b72c30ce693b0acd','4cb2638f6e984d139eecb20517f26ac6','因整改/延期原因：,计划延期1天。','2019-03-08 07:11:33','测试结果','2019-03-08 07:11:51',0,3,1,'2019-03-08 07:11:50',NULL,'2019-03-08 07:11:33','2019-03-08 07:11:50'),('20003f0e5d254402ae8ee8362f2e9749','faf7ec14172b4fd083b74b759ccab8fb','您好，您的装修工程中墙漆阶段部分，已经完成，您可到现场验收，并在验收申请中予以确认','2019-03-08 07:57:48','同意','2019-03-08 07:58:02',0,2,-64,'2019-03-08 07:58:01',NULL,'2019-03-08 07:57:48','2019-03-08 07:58:01'),('20b00becc81f47ff8eab04eb79f9adf5','14d13a0351c44a97869f3091589854a3','项目已启动','2019-03-28 03:07:11',NULL,NULL,NULL,2,0,NULL,NULL,'2019-03-28 03:07:11','2019-03-28 03:07:11'),('2c3a48c64d5c444c9455cded520dce39','d685cd3f98834048975b73a2675469df','项目已启动','2019-03-22 08:35:52',NULL,NULL,NULL,2,0,NULL,NULL,'2019-03-22 08:35:51','2019-03-22 08:35:51'),('30b56c321db243e183fdcfaffc4416ca','be73273a84654d14ba3c8b4e6d3e2cd5','您好，您的装修工程中测试流程004部分，已经完成，您可到现场验收，并在验收申请中予以确认','2019-03-18 06:41:55','法国反反复复','2019-03-18 07:19:17',0,3,-64,'2019-03-18 07:19:16',NULL,'2019-03-18 06:41:55','2019-03-18 07:19:16'),('37040a0a3bf14c538b06a26d1ca89dd7','85330771817c41d0b0740ef563da0511','您好，您的装修工程中测试进度部分，已经完成，您可到现场验收，并在验收申请中予以确认','2019-03-08 07:59:29','同意','2019-03-08 07:59:36',0,2,-63,'2019-03-08 07:59:36',NULL,'2019-03-08 07:59:28','2019-03-08 07:59:36'),('38f74340ec9c40fb8c7c040575d47be0','20438bcdbdf84f59ba918dce9188b4ba','您好，您的装修工程中木工阶段部分，已经完成，您可到现场验收，并在验收申请中予以确认','2019-03-28 02:36:26','同意','2019-04-01 02:18:44',0,2,-35,'2019-04-01 02:18:43',NULL,'2019-03-28 02:36:26','2019-04-01 02:18:43'),('3c7d44dcb89c47a19858fbde81a26e88','00fb94953f8142babdc96cdfec875a58','项目已启动','2019-03-08 05:57:14',NULL,NULL,NULL,2,0,NULL,NULL,'2019-03-08 05:57:13','2019-03-08 05:57:13'),('3f0165405c684a83ae95fcfe8a5ef9c5','3387cf19d9b1463f878ea06ad0074ea6','','2019-03-14 02:07:51',NULL,NULL,NULL,2,0,NULL,NULL,'2019-03-14 02:07:50','2019-03-14 02:07:50'),('3f76f11bfeec47d383948e4b2106ff9c','2aecf02eb27e4b9690f9d46286708bd1','','2019-03-22 08:42:41',NULL,NULL,NULL,2,0,NULL,NULL,'2019-03-22 08:42:40','2019-03-22 08:42:40'),('3ffc126c04514c3fa175a17af8d82459','6f29dc931cf44f779111c338c4f72a0a','','2019-03-28 02:08:38',NULL,NULL,NULL,2,0,NULL,NULL,'2019-03-28 02:08:38','2019-03-28 02:08:38'),('472225fd1b0b4328a15313ef58896192','4428d6dd437f4b5490c23d289817e5b5','','2019-03-28 02:08:29',NULL,NULL,NULL,2,0,NULL,NULL,'2019-03-28 02:08:28','2019-03-28 02:08:28'),('495fc7e4ef18482ba420661f28d41d3d','619f5fe6229d485b8c347090b2bf717c','','2019-03-28 02:48:31',NULL,NULL,NULL,2,0,NULL,NULL,'2019-03-28 02:48:30','2019-03-28 02:48:30'),('51f52f6cc77042108871a92f03ce94cb','8c8dcc15c2864b6bab454b5cf1a781d1','','2019-03-28 02:09:04',NULL,NULL,NULL,2,0,NULL,NULL,'2019-03-28 02:09:03','2019-03-28 02:09:03'),('534e5d70929d456fbd570897c41dcbcb','66fd365757c044b2961f6a7117a03cf3','','2019-03-06 09:19:29',NULL,NULL,NULL,2,0,NULL,NULL,'2019-03-06 09:19:29','2019-03-06 09:19:29'),('57cee1bcedfd48c0a21abb5cb95c7749','efe686eb0b574864ac3e6010fa5048d0','因整改/延期原因,计划延期1天。','2019-03-15 01:47:18','同意','2019-03-18 03:49:24',0,2,1,'2019-03-18 03:49:23',NULL,'2019-03-15 01:47:18','2019-03-18 03:49:23'),('593762d5a1924209a4b0e47655ad3be5','48095b4e694547da8264e487414edd84','因整改/延期原因：,计划延期0天。','2019-03-18 07:30:14','哈哈哈哈','2019-03-18 07:39:35',0,3,0,'2019-03-18 07:39:35',NULL,'2019-03-18 07:30:14','2019-03-18 07:39:35'),('5b8a3d2360044034925d59d13974e09f','44237437b56e4b75937bfb7ad86e9609','您好，您的装修工程中测试流程001部分，已经完成，您可到现场验收，并在验收申请中予以确认','2019-03-14 02:28:41','同意','2019-03-14 02:28:58',0,2,-49,'2019-03-14 02:28:57',NULL,'2019-03-14 02:28:40','2019-03-14 02:28:57'),('5edf5fa7f8f54b6b91a65cf3249c08eb','82686ec10a2a489d8f609b7c39a9d930','您好，您的装修工程中墙体改造阶段部分，已经完成，您可到现场验收，并在验收申请中予以确认','2019-03-08 05:52:31','测试验收驳回','2019-03-08 05:53:11',0,3,-24,'2019-03-08 05:53:10',NULL,'2019-03-08 05:52:30','2019-03-08 05:53:10'),('6b2e683ae0754b548d53be94b11fb6c0','9421aa9050724e889178851b2851f2c7','项目已启动','2019-03-22 08:35:53',NULL,NULL,NULL,2,0,NULL,NULL,'2019-03-22 08:35:53','2019-03-22 08:35:53'),('6f64b8eac4d048108b9870e85f344900','e7969295e68341b2853a7eb5da7f87e9','','2019-03-08 07:07:36',NULL,NULL,NULL,2,0,NULL,NULL,'2019-03-08 07:07:36','2019-03-08 07:07:36'),('7384685386ed480ea6825c724c20adac','3c6602150bdf4e11aa021c0a9dc42b5e','','2019-03-18 06:34:24',NULL,NULL,NULL,2,0,NULL,NULL,'2019-03-18 06:34:24','2019-03-18 06:34:24'),('7abd2bb57da3425ebdd8bdf0feb138a4','eaf65f6eb7b643e1b1c98ebad957a856','项目已启动','2019-03-08 06:00:55',NULL,NULL,NULL,2,0,NULL,NULL,'2019-03-08 06:00:55','2019-03-08 06:00:55'),('7c106d8cd1a34623942b2fab0de274fc','368c1b1d14c148759f21dacc5f48cfb2','因测试延期,计划延期1天。','2019-03-14 02:08:29','测试结果','2019-03-14 02:08:48',0,3,1,'2019-03-14 02:08:47',NULL,'2019-03-14 02:08:29','2019-03-14 02:08:47'),('7d20e47ab6ff421d814d9a3f75492af6','2cfbed2bd6ee42dab000b0a9881429a6','您好，您的装修工程中墙漆阶段部分，已经完成，您可到现场验收，并在验收申请中予以确认','2019-03-08 06:00:59','同意','2019-03-08 06:01:07',0,2,-44,'2019-03-08 06:01:07',NULL,'2019-03-08 06:00:59','2019-03-08 06:01:07'),('7e24665e49774caaa907a867f0c9d90c','c4c482d8d6654393bebd934660b9d35a','','2019-03-28 02:09:00',NULL,NULL,NULL,2,0,NULL,NULL,'2019-03-28 02:08:59','2019-03-28 02:08:59'),('80e32525b8644aebaf9d0bf70883882f','90dd0f784c8b4dd88a4bb9487e17e3a6','您好，您的装修工程中测试流程001部分，已经完成，您可到现场验收，并在验收申请中予以确认','2019-03-28 03:07:18','我','2019-03-28 03:08:07',0,3,-34,'2019-03-28 03:08:06',NULL,'2019-03-28 03:07:17','2019-03-28 03:08:06'),('81110e7953854789a85ab370a250598d','417649cb1bca4447a47991cb0087aefb','项目已启动','2019-03-06 03:25:46',NULL,NULL,NULL,2,0,NULL,NULL,'2019-03-06 03:25:45','2019-03-06 03:25:45'),('8263c02edd214356ad8c65909d3787f6','7a6feddc5d15419ea8d43839036a2f72','您好，您的装修工程中木工阶段部分，已经完成，您可到现场验收，并在验收申请中予以确认','2019-03-08 05:57:41','同意','2019-03-08 05:57:56',0,2,-34,'2019-03-08 05:57:56',NULL,'2019-03-08 05:57:41','2019-03-08 05:57:56'),('85d81568c84549b9896d18d6445e3c40','1754a47cb6e24664a3bd996e52284af5','项目已启动','2019-03-14 02:26:02',NULL,NULL,NULL,2,0,NULL,NULL,'2019-03-14 02:26:01','2019-03-14 02:26:01'),('85eba4ee9e8748718c5fe90270133f87','946f87e979964415b87a6c74de787d02','因,计划延期1天。','2019-03-18 06:40:59','哈哈哈哈哈哈哈哈哈哈哈哈哈哈哈哈哈哈哈哈哈哈哈哈哈哈哈哈哈哈哈哈哈哈哈哈哈哈哈哈哈哈哈哈哈哈哈哈哈哈哈哈哈哈哈哈哈哈哈哈哈哈哈哈哈哈哈哈哈哈哈哈哈哈哈哈','2019-03-18 06:44:39',0,3,1,'2019-03-18 06:44:39',NULL,'2019-03-18 06:40:59','2019-03-18 06:44:39'),('88c8e5bf17624b15a84b34912405d96d','58fd28318ce5450596111d7749b5a650','因整改/延期原因：,计划延期2天。','2019-03-15 01:49:27','同意','2019-03-18 03:49:28',0,2,2,'2019-03-18 03:49:27',NULL,'2019-03-15 01:49:27','2019-03-18 03:49:27'),('8e0f85d84662476ebc504ac4b13acfc1','46494113d2114006b7917347a46f2019','','2019-04-02 07:03:50',NULL,NULL,NULL,2,0,NULL,NULL,'2019-04-02 07:03:49','2019-04-02 07:03:49'),('8ec861b89817450d83304adacc3700b5','bdcfe1bde6264d5a851bd464964321ad','因,计划提前59天。','2019-03-28 03:03:11',NULL,NULL,NULL,1,-59,NULL,NULL,'2019-03-28 03:03:11','2019-03-28 03:03:11'),('9383349d027047d19913ec0ebf49fef8','90da269eec5f450ebb4228cf9c23327f','您好，您的装修工程中墙体改造阶段部分，已经完成，您可到现场验收，并在验收申请中予以确认','2019-03-08 07:57:12','同意','2019-03-08 07:57:21',0,2,-54,'2019-03-08 07:57:21',NULL,'2019-03-08 07:57:12','2019-03-08 07:57:21'),('95a11a8ab38c4f6b9d0f10294240465e','2c5749922db140a5a2fca3ce137b7089','项目已启动','2019-03-28 03:07:06',NULL,NULL,NULL,2,0,NULL,NULL,'2019-03-28 03:07:06','2019-03-28 03:07:06'),('97442a61e106464aa90a959334dac70e','d1263aeae0034d5492e60e984dcdf950','您好，您的装修工程中土建部分，已经完成，您可到现场验收，并在验收申请中予以确认','2019-03-06 09:20:07','同意','2019-03-06 09:20:27',0,2,-2,'2019-03-06 09:20:26',NULL,'2019-03-06 09:20:07','2019-03-06 09:20:26'),('a0231635339d426288387fbbe20d9328','07650d19dd28411d8ae9ad3c518de197','项目已启动','2019-03-18 06:29:13',NULL,NULL,NULL,2,0,NULL,NULL,'2019-03-18 06:29:13','2019-03-18 06:29:13'),('a168c6579c4645fbbf6eeb4ffff8d60a','a2aabda4fb8a4e37ae8f739357428d41','因延期,计划延期2天。','2019-03-14 02:19:15','同意','2019-03-14 02:23:42',0,2,2,'2019-03-14 02:23:42',NULL,'2019-03-14 02:19:15','2019-03-14 02:23:42'),('a16ec2a2c00146bc94d392a724a7ae01','78efb4a33b594a74a1f6e0ec0ee2c0c7','您好，您的装修工程中测试流程004部分，已经完成，您可到现场验收，并在验收申请中予以确认','2019-03-18 07:29:34','哈哈哈哈','2019-03-18 07:39:44',0,3,-64,'2019-03-18 07:39:43',NULL,'2019-03-18 07:29:34','2019-03-18 07:39:43'),('a2915e555d7a4077bda6e3cb45a0eeb7','a0d29c0e55c84f65be0b5a011fd4add7','项目已启动','2019-03-18 06:32:50',NULL,NULL,NULL,2,0,NULL,NULL,'2019-03-18 06:32:50','2019-03-18 06:32:50'),('a389fd39094f411db525d83ee9b84ab6','7a106f360a284294ac7c7cda448def08','项目已启动','2019-03-08 07:58:23',NULL,NULL,NULL,2,0,NULL,NULL,'2019-03-08 07:58:22','2019-03-08 07:58:22'),('a44608d28cc041d0820826890d43aa6e','a1f338228d874a019420cbb422cd057f','','2019-03-28 02:09:07',NULL,NULL,NULL,2,0,NULL,NULL,'2019-03-28 02:09:06','2019-03-28 02:09:06'),('a586294d19654125ba5cc9eeef552d4d','126e966bd5b14e5ca86583aee61d36ec','因整改/延期原因：,计划延期1天。','2019-03-28 02:09:33',NULL,NULL,NULL,1,1,NULL,NULL,'2019-03-28 02:09:32','2019-03-28 02:09:32'),('a74ebaf9ec2245efbc5a0e70029c4f7e','f87d89fd9a64445786b2d38fa15c6f62','项目已启动','2019-03-08 07:59:25',NULL,NULL,NULL,2,0,NULL,NULL,'2019-03-08 07:59:25','2019-03-08 07:59:25'),('a886945c44864b4ea6464646aff3e37d','22699f5a39e447cca78d2a1bda230d86','','2019-03-08 07:11:13',NULL,NULL,NULL,2,0,NULL,NULL,'2019-03-08 07:11:12','2019-03-08 07:11:12'),('a8f8080dcaea4514a050a3fd1a1e4aae','07ca57b22eee4c52ad439ab810f6bc9d','项目已启动','2019-03-22 08:39:14',NULL,NULL,NULL,2,0,NULL,NULL,'2019-03-22 08:39:13','2019-03-22 08:39:13'),('ac2278c03886411e88684bf01c6093a2','3e31aabcd28648a59e2a08d27f7236b5','','2019-03-22 08:23:31',NULL,NULL,NULL,2,0,NULL,NULL,'2019-03-22 08:23:30','2019-03-22 08:23:30'),('afc558e04a4942079bc84b1e931a384a','f56391cdc0c848d29bb134310a14d284','','2019-03-08 07:07:24',NULL,NULL,NULL,2,0,NULL,NULL,'2019-03-08 07:07:23','2019-03-08 07:07:23'),('b24177d35ccf46058d8d05623134e41d','be7e2231ec474d1aa6bed2847975350a','您好，您的装修工程中木工阶段部分，已经完成，您可到现场验收，并在验收申请中予以确认','2019-03-08 07:58:26','同意','2019-03-08 07:58:41',0,2,-69,'2019-03-08 07:58:40',NULL,'2019-03-08 07:58:26','2019-03-08 07:58:40'),('b3072bc16ca84dedba7a57e5244d9610','64e8d004af5a4077b8c52b8996cb2615','项目已启动','2019-04-01 02:12:59',NULL,NULL,NULL,2,0,NULL,NULL,'2019-04-01 02:12:59','2019-04-01 02:12:59'),('b62ff0c8e83f45c698296c814bfa51bf','362d72f4969e4190ab1b7ca75ddc3f9d','您好，您的装修工程中墙体改造阶段部分，已经完成，您可到现场验收，并在验收申请中予以确认','2019-03-08 05:56:28','同意','2019-03-08 05:56:36',0,2,-24,'2019-03-08 05:56:36',NULL,'2019-03-08 05:56:27','2019-03-08 05:56:36'),('b8721b8f09d441c8a0627e4bf8bddd9a','1fe3480cc96d4ded8b51bf8f8172621e','您好，您的装修工程中测试流程002部分，已经完成，您可到现场验收，并在验收申请中予以确认','2019-03-28 03:07:33','同意','2019-03-28 03:08:48',0,2,-44,'2019-03-28 03:08:48',NULL,'2019-03-28 03:07:33','2019-03-28 03:08:48'),('bd13967fe7f84d7ab8df332c92c636e8','2f74b1563c094b0cbf51e4b2de4a1d6d','','2019-04-01 02:18:57',NULL,NULL,NULL,2,0,NULL,NULL,'2019-04-01 02:18:56','2019-04-01 02:18:56'),('be3a7b2270b644a3aa642ed784fef40b','4bbafb1ec7b54015bd33e9eba0f6c113','','2019-03-08 05:45:54',NULL,NULL,NULL,2,0,NULL,NULL,'2019-03-08 05:45:54','2019-03-08 05:45:54'),('c4b8c172925b4b579eb904f95ef40425','7735cb76c62941c380dac4df99aefa07','您好，您的装修工程中测试流程002部分，已经完成，您可到现场验收，并在验收申请中予以确认','2019-03-18 08:18:52','测试','2019-03-18 08:19:19',0,3,-54,'2019-03-18 08:19:19',NULL,'2019-03-18 08:18:52','2019-03-18 08:19:19'),('ce2458264eec4b04810d3b834973b916','c96b9e70ddd043988cba6cb2a755b911','项目已启动','2019-03-22 08:35:57',NULL,NULL,NULL,2,0,NULL,NULL,'2019-03-22 08:35:56','2019-03-22 08:35:56'),('d09fbbc4ae0c4eb882b7d5fb6274d1b7','2a7254b96e0d4f54b52270afcac358df','','2019-04-02 07:03:44',NULL,NULL,NULL,2,0,NULL,NULL,'2019-04-02 07:03:43','2019-04-02 07:03:43'),('d1410205916742798b26e92070d0dc10','bbe888b7a1fa4635b8380834d4072c24','项目已启动','2019-03-06 09:18:55',NULL,NULL,NULL,2,0,NULL,NULL,'2019-03-06 09:18:54','2019-03-06 09:18:54'),('d15f5ff04faf4bdc8d4e686c21355dfc','5b7af36e6fb440adae99c4b29d831c47','','2019-03-18 07:29:58',NULL,NULL,NULL,2,0,NULL,NULL,'2019-03-18 07:29:58','2019-03-18 07:29:58'),('d6c22809e77a4553928d9be37c998600','38f080159eac4028858021e4adf12262','','2019-03-28 02:09:11',NULL,NULL,NULL,2,0,NULL,NULL,'2019-03-28 02:09:10','2019-03-28 02:09:10'),('d9af0f1193ea4940aaf7db495290506e','9ad713782d68493fafb56c2043816222','','2019-03-14 02:07:59',NULL,NULL,NULL,2,0,NULL,NULL,'2019-03-14 02:07:58','2019-03-14 02:07:58'),('d9f902578c6043c28576d4a4f240261b','ae1245f6b76245a6bc2a4fe6a8e46d6a','','2019-03-28 02:08:34',NULL,NULL,NULL,2,0,NULL,NULL,'2019-03-28 02:08:33','2019-03-28 02:08:33'),('dac28dac2d9b4d1a9427caab9ee36fa5','05701f1ae55d45c282ff4ee27aa37956','因整改/延期原因：,计划延期0天。','2019-03-18 08:20:00',NULL,NULL,NULL,1,0,NULL,NULL,'2019-03-18 08:19:59','2019-03-18 08:19:59'),('dc183afc1f7247879663cba5d715e6f7','b5aa2844dfa349dc86ef6d74eedeb4d9','','2019-03-28 03:07:31',NULL,NULL,NULL,2,0,NULL,NULL,'2019-03-28 03:07:31','2019-03-28 03:07:31'),('debb5d3ec0e14b269f5a7a7ace5e29e6','ee7fbfb0b9a447238351fd38a33a9518','项目已启动','2019-03-14 02:07:33',NULL,NULL,NULL,2,0,NULL,NULL,'2019-03-14 02:07:32','2019-03-14 02:07:32'),('e1349ac09eed41de88e3ae2c51bbbcb8','5de164ae4b9c42a2afbd6aed21408cbe','','2019-03-18 06:40:28',NULL,NULL,NULL,2,0,NULL,NULL,'2019-03-18 06:40:27','2019-03-18 06:40:27'),('ed69acc441b0401392ec622eed561fe5','afc171fa172749b6ba77299cb2d88495','您好，您的装修工程中测试流程001部分，已经完成，您可到现场验收，并在验收申请中予以确认','2019-03-28 03:08:33','同意','2019-03-28 03:08:44',0,2,-34,'2019-03-28 03:08:44',NULL,'2019-03-28 03:08:32','2019-03-28 03:08:44'),('ee79a3dd2992445e8ef3d3c0d5429518','485b1a8a94724771827a6d0f86b8ac9d','因整改/延期原因,计划延期1天。','2019-03-08 05:50:15','同意','2019-03-08 05:50:30',0,2,1,'2019-03-08 05:50:29',NULL,'2019-03-08 05:50:14','2019-03-08 05:50:29'),('efd1ff42ae4f4bd180a52a804f4c84e1','a3e8d5379beb40eda1e384095d58a9d0','您好，您的装修工程中测试流程001部分，已经完成，您可到现场验收，并在验收申请中予以确认','2019-03-14 02:28:06','测试结果','2019-03-14 02:28:22',0,3,-49,'2019-03-14 02:28:21',NULL,'2019-03-14 02:28:06','2019-03-14 02:28:21'),('f19f27b6086c43eebcf2901ed235d8d6','07e19ac86b1649358a2f42c0fa8e26bd','因整改/延期原因：,计划延期1天。','2019-03-22 08:42:19',NULL,NULL,NULL,1,1,NULL,NULL,'2019-03-22 08:42:19','2019-03-22 08:42:19'),('f2dc4ef43eb44db3a8055789da361104','367966dc6fab4bd69fa7f02ab34544ff','因整改/延期原因：整改/延期原因：整改/延期原因：整改/延期原因：,计划延期1天。','2019-04-02 07:04:02',NULL,NULL,NULL,1,1,NULL,NULL,'2019-04-02 07:04:02','2019-04-02 07:04:02'),('f7a6f88e93d74b93b98efbf3c7f59a71','ba1ff1f5bc4f4929a807bb789ecb2c2a','项目已启动','2019-03-28 02:22:06',NULL,NULL,NULL,2,0,NULL,NULL,'2019-03-28 02:22:06','2019-03-28 02:22:06'),('fbaf3bc62a2845a29e0763178222015e','f03f0a0e9df64dc5890ac0484ea9fda5','因整改/延期原因：,计划延期2天。','2019-03-28 02:09:41',NULL,NULL,NULL,1,2,NULL,NULL,'2019-03-28 02:09:41','2019-03-28 02:09:41'),('ff18bcead5404f2ebbf0d38b4933804c','7c714471f18d44f99f290787808041a1','','2019-03-28 02:08:48',NULL,NULL,NULL,2,0,NULL,NULL,'2019-03-28 02:08:48','2019-03-28 02:08:48'),('ff5274a3f4f4419fa6c354b2c68351ca','a3892f770e504e63a2f5918425b31b92','项目已启动','2019-03-08 07:57:42',NULL,NULL,NULL,2,0,NULL,NULL,'2019-03-08 07:57:41','2019-03-08 07:57:41');
/*!40000 ALTER TABLE `progress_record` ENABLE KEYS */;
UNLOCK TABLES;

--
-- Table structure for table `project`
--

DROP TABLE IF EXISTS `project`;
/*!40101 SET @saved_cs_client     = @@character_set_client */;
/*!40101 SET character_set_client = utf8 */;
CREATE TABLE `project` (
  `id` varchar(32) NOT NULL COMMENT '编号',
  `cus_id` varchar(32) NOT NULL COMMENT '客户编号',
  `com_id` varchar(32) NOT NULL COMMENT '公司编号',
  `type` varchar(45) DEFAULT NULL COMMENT '类型',
  `plan_start_time` timestamp NULL DEFAULT NULL COMMENT '计划开工时间\n',
  `plan_end_time` timestamp NULL DEFAULT NULL COMMENT '计划完成时间\n',
  `project_status` int(11) NOT NULL DEFAULT '2' COMMENT '项目1：2：启动中3：已完成（默认2）',
  `remark` varchar(128) DEFAULT NULL COMMENT '备注',
  `created` timestamp NOT NULL DEFAULT CURRENT_TIMESTAMP COMMENT '创建时间',
  `updated` timestamp NOT NULL DEFAULT CURRENT_TIMESTAMP ON UPDATE CURRENT_TIMESTAMP COMMENT '更新时间',
  PRIMARY KEY (`id`)
) ENGINE=InnoDB DEFAULT CHARSET=utf8 COMMENT='项目资料';
/*!40101 SET character_set_client = @saved_cs_client */;

--
-- Dumping data for table `project`
--

LOCK TABLES `project` WRITE;
/*!40000 ALTER TABLE `project` DISABLE KEYS */;
INSERT INTO `project` VALUES ('1686bbc341a84dc7a06bb4863008452b','cf4ea4c5cf8a40cbb9735ec37c895a6f','9406458f654b4a3aa380fa645ec66fbf','1','2019-03-05 16:00:00','2019-03-06 16:00:00',2,NULL,'2019-03-06 09:06:29','2019-03-06 09:06:29'),('1f78068c8ab94b89a34b32d60947e18a','76c2a16a8c4d40c3a63296fc7edcd31a','9406458f654b4a3aa380fa645ec66fbf','1','2019-05-01 00:00:00','2019-05-31 00:00:00',2,NULL,'2019-04-01 01:49:31','2019-04-01 01:49:31'),('296cf25c717d4160949ab27ebf591570','4d621a259c3c4ee79d544707ce400489','9406458f654b4a3aa380fa645ec66fbf','1','2019-05-01 00:00:00','2019-05-31 00:00:00',2,NULL,'2019-04-01 01:49:18','2019-04-01 01:49:18'),('3370367e7fd6445e8b15407795c697d2','c66e06c9ea164b69a60992f00b3d52e3','12a594a25cfa45b1a88396e8e022a476','2','2019-02-05 16:00:00','2019-07-25 16:00:00',2,NULL,'2019-03-06 09:16:50','2019-03-06 09:16:50'),('3c9d08588eb049d888cf0fab2646f4c8','65c6bbba465343fbad3627d1d9734604','9406458f654b4a3aa380fa645ec66fbf','1','2019-05-01 00:00:00','2019-05-31 00:00:00',3,NULL,'2019-03-28 03:06:00','2019-03-28 03:16:09'),('448669dc464d46128badd23c125f91ff','ab199f4664ee46e4a11401fbf6165cae','9406458f654b4a3aa380fa645ec66fbf','1','2019-05-01 00:00:00','2019-05-31 00:00:00',2,NULL,'2019-04-01 01:49:01','2019-04-01 01:49:01'),('505db1c744d6440f820084d942ff4ce6','00c7d5c27921460da0e2f23b839a6b05','9406458f654b4a3aa380fa645ec66fbf','2','2019-04-30 16:00:00','2019-05-30 16:00:00',2,NULL,'2019-03-06 03:23:20','2019-03-06 03:23:20'),('5c36c68c0d694666af40115c9de10e11','a06f6c698f684dbca6f14a9270e078ed','7a3a4a129de04edea45a2a92a44145e3','2','2019-03-20 00:00:00','2019-10-15 00:00:00',2,NULL,'2019-03-15 08:21:05','2019-03-15 08:21:05'),('62af9554ad9742a1a29ce3e42670c859','528305e7d56e4d6db8065b1b07763cbd','9406458f654b4a3aa380fa645ec66fbf','1','2019-05-01 00:00:00','2019-05-31 00:00:00',2,NULL,'2019-04-01 01:51:14','2019-04-01 01:51:14'),('90b2c0b070ad4b6c8626758bf28c0c51','54c675ebc1214ce282ae335381e296ac','9406458f654b4a3aa380fa645ec66fbf','1','2019-05-01 00:00:00','2019-05-31 00:00:00',2,NULL,'2019-04-01 01:48:48','2019-04-01 01:48:48'),('9bbc5e5ee4234bbba57a9372f2363a15','00ff697cd9ff4f9d8393ba7db6ddd8ec','7016811896314fb9a64858b316e5834a','1','2019-05-01 00:00:00','2019-05-31 00:00:00',2,NULL,'2019-03-14 01:44:22','2019-03-14 01:44:22'),('a90116cffbd54a29ac379d58dbe4ff48','983118e7ac524cb9a457da60e5ed1cb5','9406458f654b4a3aa380fa645ec66fbf','2','2019-03-31 16:00:00','2019-04-29 16:00:00',2,NULL,'2019-03-07 07:08:33','2019-03-07 07:08:33'),('bb402413b6974830a29fafb8dc19cf77','f4f508df31074d25a192a6281f86d7e2','7016811896314fb9a64858b316e5834a','2','2019-04-01 00:00:00','2019-04-30 00:00:00',2,NULL,'2019-03-08 08:34:21','2019-03-08 08:34:21'),('bdef3d91933f40968fd8ffdaf91af282','ec0fa6b1c4b34fd1af962ee46582803e','9406458f654b4a3aa380fa645ec66fbf','1','2019-05-01 00:00:00','2019-05-31 00:00:00',2,NULL,'2019-04-01 01:48:16','2019-04-01 01:48:16'),('c940b14855764ea4a184531a884c4ab6','2c700c1066de4796b062512c5a0b1296','9406458f654b4a3aa380fa645ec66fbf','1','2019-05-01 00:00:00','2019-05-31 00:00:00',2,NULL,'2019-04-01 01:48:34','2019-04-01 01:48:34'),('d25b87cc2eb142ada2f04e334576d3ca','0d2fe940df334167b918266957a9f058','7016811896314fb9a64858b316e5834a','2','2019-04-01 00:00:00','2019-04-30 00:00:00',3,NULL,'2019-03-08 05:39:02','2019-03-08 06:05:49'),('e3c899b714884649ad1651ef4d4372f4','881214cde53240ef92c667796e7c2de6','9406458f654b4a3aa380fa645ec66fbf','1','2019-04-01 00:00:00','2019-04-30 00:00:00',2,NULL,'2019-03-28 03:19:32','2019-03-28 03:19:32'),('f55fc0407ee744c78d94664591abbc51','2e5f75ff85ed4481a6a506f29040e255','7016811896314fb9a64858b316e5834a','1','2019-05-01 00:00:00','2019-05-31 00:00:00',3,NULL,'2019-03-08 06:41:15','2019-03-08 08:00:00'),('fef147a3238f4bb2a24f9f0ebe5b4ade','329fec02da984727986c540aca5cfc1a','7016811896314fb9a64858b316e5834a','2','2019-05-01 00:00:00','2019-05-31 00:00:00',2,NULL,'2019-03-08 08:30:00','2019-03-08 08:30:00');
/*!40000 ALTER TABLE `project` ENABLE KEYS */;
UNLOCK TABLES;

--
-- Table structure for table `project_tecoration`
--

DROP TABLE IF EXISTS `project_tecoration`;
/*!40101 SET @saved_cs_client     = @@character_set_client */;
/*!40101 SET character_set_client = utf8 */;
CREATE TABLE `project_tecoration` (
  `pro_id` varchar(32) NOT NULL COMMENT '项目主键',
  `tec_id` varchar(32) NOT NULL COMMENT '装修团队主键',
  `created` timestamp NOT NULL DEFAULT CURRENT_TIMESTAMP COMMENT '创建时间'
) ENGINE=InnoDB DEFAULT CHARSET=utf8 COMMENT='装修队-项目关联表';
/*!40101 SET character_set_client = @saved_cs_client */;

--
-- Dumping data for table `project_tecoration`
--

LOCK TABLES `project_tecoration` WRITE;
/*!40000 ALTER TABLE `project_tecoration` DISABLE KEYS */;
INSERT INTO `project_tecoration` VALUES ('505db1c744d6440f820084d942ff4ce6','76537a2c325744b4bc5baa6c6f023be0','2019-03-06 03:23:20'),('505db1c744d6440f820084d942ff4ce6','939819f3a1074e24a984eee40d2cca72','2019-03-06 03:23:20'),('505db1c744d6440f820084d942ff4ce6','01a0e4c465a947e6a55576e55b3ed6da','2019-03-06 03:23:20'),('931132aa56574e35834867f4fa154b2e','6f6e8cdb413640cbba9e02e4679e4cd4','2019-03-06 08:55:19'),('931132aa56574e35834867f4fa154b2e','63d46da6e62546b4a65f11479d5c0597','2019-03-06 08:55:19'),('931132aa56574e35834867f4fa154b2e','b5f77bc11491474c9cd2f0469c330b00','2019-03-06 08:55:19'),('1686bbc341a84dc7a06bb4863008452b','4783d7af0b214a7c897359c583e2ecc5','2019-03-06 09:06:29'),('1686bbc341a84dc7a06bb4863008452b','484f16784e174e0690e1c6ee9bf2ae68','2019-03-06 09:06:29'),('1686bbc341a84dc7a06bb4863008452b','01a0e4c465a947e6a55576e55b3ed6da','2019-03-06 09:06:29'),('3370367e7fd6445e8b15407795c697d2','6f6e8cdb413640cbba9e02e4679e4cd4','2019-03-06 09:16:50'),('3370367e7fd6445e8b15407795c697d2','63d46da6e62546b4a65f11479d5c0597','2019-03-06 09:16:50'),('3370367e7fd6445e8b15407795c697d2','b5f77bc11491474c9cd2f0469c330b00','2019-03-06 09:16:50'),('a90116cffbd54a29ac379d58dbe4ff48','4783d7af0b214a7c897359c583e2ecc5','2019-03-07 07:08:33'),('a90116cffbd54a29ac379d58dbe4ff48','3d0585bd53cb4860992f24b7cb1582be','2019-03-07 07:08:33'),('a90116cffbd54a29ac379d58dbe4ff48','8d34b4a4de654ee09e1d47a0c291167f','2019-03-07 07:08:33'),('d25b87cc2eb142ada2f04e334576d3ca','b47b9aec57154b36b6ba9b0c50280c49','2019-03-08 05:39:02'),('d25b87cc2eb142ada2f04e334576d3ca','d34281e3ef4245e7b4c2738d24007042','2019-03-08 05:39:02'),('d25b87cc2eb142ada2f04e334576d3ca','afaa8c03c7e6461c82cdd0db8b2b25bb','2019-03-08 05:39:02'),('f55fc0407ee744c78d94664591abbc51','b47b9aec57154b36b6ba9b0c50280c49','2019-03-08 06:41:15'),('f55fc0407ee744c78d94664591abbc51','d34281e3ef4245e7b4c2738d24007042','2019-03-08 06:41:15'),('f55fc0407ee744c78d94664591abbc51','afaa8c03c7e6461c82cdd0db8b2b25bb','2019-03-08 06:41:15'),('fef147a3238f4bb2a24f9f0ebe5b4ade','b47b9aec57154b36b6ba9b0c50280c49','2019-03-08 08:30:00'),('3391396f66ff4de1b91e904ffcb640a3','b47b9aec57154b36b6ba9b0c50280c49','2019-03-08 08:30:00'),('fef147a3238f4bb2a24f9f0ebe5b4ade','d34281e3ef4245e7b4c2738d24007042','2019-03-08 08:30:00'),('3391396f66ff4de1b91e904ffcb640a3','d34281e3ef4245e7b4c2738d24007042','2019-03-08 08:30:00'),('fef147a3238f4bb2a24f9f0ebe5b4ade','afaa8c03c7e6461c82cdd0db8b2b25bb','2019-03-08 08:30:00'),('3391396f66ff4de1b91e904ffcb640a3','afaa8c03c7e6461c82cdd0db8b2b25bb','2019-03-08 08:30:00'),('bb402413b6974830a29fafb8dc19cf77','b47b9aec57154b36b6ba9b0c50280c49','2019-03-08 08:34:21'),('bb402413b6974830a29fafb8dc19cf77','d34281e3ef4245e7b4c2738d24007042','2019-03-08 08:34:21'),('bb402413b6974830a29fafb8dc19cf77','afaa8c03c7e6461c82cdd0db8b2b25bb','2019-03-08 08:34:21'),('9bbc5e5ee4234bbba57a9372f2363a15','b47b9aec57154b36b6ba9b0c50280c49','2019-03-14 01:44:22'),('9bbc5e5ee4234bbba57a9372f2363a15','d34281e3ef4245e7b4c2738d24007042','2019-03-14 01:44:22'),('9bbc5e5ee4234bbba57a9372f2363a15','afaa8c03c7e6461c82cdd0db8b2b25bb','2019-03-14 01:44:22'),('5c36c68c0d694666af40115c9de10e11','d90227965d4e4d00821d8676884bef11','2019-03-15 08:21:05'),('5c36c68c0d694666af40115c9de10e11','feb0e574e057444f84a67ec98cbbb6ea','2019-03-15 08:21:05'),('5c36c68c0d694666af40115c9de10e11','abf25c5c164f4263a2a9499259307586','2019-03-15 08:21:05'),('3c9d08588eb049d888cf0fab2646f4c8','4783d7af0b214a7c897359c583e2ecc5','2019-03-28 03:06:00'),('3c9d08588eb049d888cf0fab2646f4c8','484f16784e174e0690e1c6ee9bf2ae68','2019-03-28 03:06:00'),('3c9d08588eb049d888cf0fab2646f4c8','8d34b4a4de654ee09e1d47a0c291167f','2019-03-28 03:06:00'),('e3c899b714884649ad1651ef4d4372f4','4783d7af0b214a7c897359c583e2ecc5','2019-03-28 03:19:32'),('e3c899b714884649ad1651ef4d4372f4','484f16784e174e0690e1c6ee9bf2ae68','2019-03-28 03:19:32'),('e3c899b714884649ad1651ef4d4372f4','9c8b8989740a4f379840e0c50fca4a90','2019-03-28 03:19:32'),('bdef3d91933f40968fd8ffdaf91af282','4783d7af0b214a7c897359c583e2ecc5','2019-04-01 01:48:16'),('bdef3d91933f40968fd8ffdaf91af282','939819f3a1074e24a984eee40d2cca72','2019-04-01 01:48:16'),('bdef3d91933f40968fd8ffdaf91af282','8d34b4a4de654ee09e1d47a0c291167f','2019-04-01 01:48:16'),('c940b14855764ea4a184531a884c4ab6','76537a2c325744b4bc5baa6c6f023be0','2019-04-01 01:48:34'),('c940b14855764ea4a184531a884c4ab6','3d0585bd53cb4860992f24b7cb1582be','2019-04-01 01:48:34'),('c940b14855764ea4a184531a884c4ab6','9c8b8989740a4f379840e0c50fca4a90','2019-04-01 01:48:34'),('90b2c0b070ad4b6c8626758bf28c0c51','4783d7af0b214a7c897359c583e2ecc5','2019-04-01 01:48:48'),('90b2c0b070ad4b6c8626758bf28c0c51','939819f3a1074e24a984eee40d2cca72','2019-04-01 01:48:48'),('90b2c0b070ad4b6c8626758bf28c0c51','8d34b4a4de654ee09e1d47a0c291167f','2019-04-01 01:48:48'),('448669dc464d46128badd23c125f91ff','76537a2c325744b4bc5baa6c6f023be0','2019-04-01 01:49:01'),('448669dc464d46128badd23c125f91ff','3d0585bd53cb4860992f24b7cb1582be','2019-04-01 01:49:01'),('448669dc464d46128badd23c125f91ff','9c8b8989740a4f379840e0c50fca4a90','2019-04-01 01:49:01'),('296cf25c717d4160949ab27ebf591570','4783d7af0b214a7c897359c583e2ecc5','2019-04-01 01:49:18'),('296cf25c717d4160949ab27ebf591570','3d0585bd53cb4860992f24b7cb1582be','2019-04-01 01:49:18'),('296cf25c717d4160949ab27ebf591570','9c8b8989740a4f379840e0c50fca4a90','2019-04-01 01:49:18'),('1f78068c8ab94b89a34b32d60947e18a','76537a2c325744b4bc5baa6c6f023be0','2019-04-01 01:49:31'),('1f78068c8ab94b89a34b32d60947e18a','3d0585bd53cb4860992f24b7cb1582be','2019-04-01 01:49:31'),('1f78068c8ab94b89a34b32d60947e18a','8d34b4a4de654ee09e1d47a0c291167f','2019-04-01 01:49:31'),('62af9554ad9742a1a29ce3e42670c859','4783d7af0b214a7c897359c583e2ecc5','2019-04-01 01:51:14'),('62af9554ad9742a1a29ce3e42670c859','939819f3a1074e24a984eee40d2cca72','2019-04-01 01:51:14'),('62af9554ad9742a1a29ce3e42670c859','9c8b8989740a4f379840e0c50fca4a90','2019-04-01 01:51:14');
/*!40000 ALTER TABLE `project_tecoration` ENABLE KEYS */;
UNLOCK TABLES;

--
-- Table structure for table `push`
--

DROP TABLE IF EXISTS `push`;
/*!40101 SET @saved_cs_client     = @@character_set_client */;
/*!40101 SET character_set_client = utf8 */;
CREATE TABLE `push` (
  `id` varchar(32) NOT NULL,
  `user_id` varchar(32) NOT NULL,
  `device_tokens` varchar(64) NOT NULL COMMENT '设备token--每次登陆时上传',
  `device_type` int(11) NOT NULL COMMENT '设备类型 ：  1 android   2   ios，',
  `remark` varchar(128) DEFAULT NULL COMMENT '备注',
  `created` timestamp NOT NULL DEFAULT CURRENT_TIMESTAMP COMMENT '创建时间',
  `updated` timestamp NOT NULL DEFAULT CURRENT_TIMESTAMP ON UPDATE CURRENT_TIMESTAMP COMMENT '更新时间',
  PRIMARY KEY (`id`),
  UNIQUE KEY `user_id_UNIQUE` (`user_id`)
) ENGINE=InnoDB DEFAULT CHARSET=utf8 COMMENT='消息推送';
/*!40101 SET character_set_client = @saved_cs_client */;

--
-- Dumping data for table `push`
--

LOCK TABLES `push` WRITE;
/*!40000 ALTER TABLE `push` DISABLE KEYS */;
INSERT INTO `push` VALUES ('0fd1bf58919b4317830f23c04f3cac98','1c4132376fdd40b498813d9e73dabc0f','8fc3921e5f0ded2e6e37454d87496bcb0e12e0f3c8d85590775fa43d872a5137',2,NULL,'2019-03-08 08:31:37','2019-03-18 06:00:15'),('162cd466fb5c4084abe3ad6cf9210c48','ad050bb4b78a4a72b71ffb2ae72174ee','11a6f56d13bd3ed80d1832d5f49a2034cbe03553d5df62cd7136f0079e9a613a',2,NULL,'2019-03-06 09:17:39','2019-03-06 09:17:39'),('1a878719802e4523b56309dceb705d7b','522e13c97c6345ac9e09cff83df5491f','a9a9e4a3cb21223211b11ff8afb615c27170627ab03b1c7bf3a475f37498f549',2,NULL,'2019-03-06 03:04:39','2019-04-01 02:11:56'),('525e306b4bc84e4bb94de16ee8b1d5c5','a3f60b615813421fb14d887dcd2821d2','a9a9e4a3cb21223211b11ff8afb615c27170627ab03b1c7bf3a475f37498f549',2,NULL,'2019-03-22 08:17:27','2019-03-22 08:17:27'),('5da99594c95c4dc585f009d987d62a71','852ab1a2eae24ab18bbeefc6bcc98bbb','a9a9e4a3cb21223211b11ff8afb615c27170627ab03b1c7bf3a475f37498f549',2,NULL,'2019-03-07 07:29:05','2019-03-28 07:04:20'),('64aaba29752e45be9c57179b78467efb','f9d019a5f502415fbb652f4cc58bd68f','a9a9e4a3cb21223211b11ff8afb615c27170627ab03b1c7bf3a475f37498f549',2,NULL,'2019-03-07 07:33:02','2019-03-28 03:18:13'),('7c08101f09714b499fefc737d65764c4','d7603e61aca14e6b83e6f7322bbb7167','11a6f56d13bd3ed80d1832d5f49a2034cbe03553d5df62cd7136f0079e9a613a',2,NULL,'2019-03-06 08:59:29','2019-03-06 08:59:29'),('8f7eeb8124cf4e7ba7e56cdbce534208','fc11905a8d154b49b3c641077d29f3a8','deviceTokens',2,NULL,'2019-03-08 06:45:45','2019-03-08 06:45:45'),('a123ec6ab2ff45b5b39da20162c6a9c4','a7e515454c7d45b192893130216184f1','deviceTokens',2,NULL,'2019-03-08 05:36:24','2019-03-08 05:36:24'),('e8c0786f6436490d9b0f8992cca2b133','a22cf4aba84a47959a5acee6e0fe598c','a48d2735285ed331108f42f63c5675e2a466906f24eec80d84040856e81f1458',2,NULL,'2019-03-14 01:44:10','2019-03-20 06:45:52');
/*!40000 ALTER TABLE `push` ENABLE KEYS */;
UNLOCK TABLES;

--
-- Table structure for table `role_powers`
--

DROP TABLE IF EXISTS `role_powers`;
/*!40101 SET @saved_cs_client     = @@character_set_client */;
/*!40101 SET character_set_client = utf8 */;
CREATE TABLE `role_powers` (
  `role_id` varchar(32) NOT NULL,
  `power_id` varchar(32) NOT NULL,
  KEY `fk_role_powers_role_idx` (`role_id`),
  KEY `fk_role_powers_power_idx` (`power_id`),
  CONSTRAINT `fk_role_powers_power` FOREIGN KEY (`power_id`) REFERENCES `powers` (`id`) ON DELETE CASCADE ON UPDATE CASCADE,
  CONSTRAINT `fk_role_powers_role` FOREIGN KEY (`role_id`) REFERENCES `roles` (`id`) ON DELETE CASCADE ON UPDATE CASCADE
) ENGINE=InnoDB DEFAULT CHARSET=utf8;
/*!40101 SET character_set_client = @saved_cs_client */;

--
-- Dumping data for table `role_powers`
--

LOCK TABLES `role_powers` WRITE;
/*!40000 ALTER TABLE `role_powers` DISABLE KEYS */;
/*!40000 ALTER TABLE `role_powers` ENABLE KEYS */;
UNLOCK TABLES;

--
-- Table structure for table `roles`
--

DROP TABLE IF EXISTS `roles`;
/*!40101 SET @saved_cs_client     = @@character_set_client */;
/*!40101 SET character_set_client = utf8 */;
CREATE TABLE `roles` (
  `id` varchar(32) NOT NULL,
  `name` varchar(45) NOT NULL,
  `remark` varchar(128) DEFAULT NULL,
  `created` timestamp NOT NULL DEFAULT CURRENT_TIMESTAMP,
  `updated` timestamp NOT NULL DEFAULT CURRENT_TIMESTAMP ON UPDATE CURRENT_TIMESTAMP,
  PRIMARY KEY (`id`),
  UNIQUE KEY `id_UNIQUE` (`id`)
) ENGINE=InnoDB DEFAULT CHARSET=utf8;
/*!40101 SET character_set_client = @saved_cs_client */;

--
-- Dumping data for table `roles`
--

LOCK TABLES `roles` WRITE;
/*!40000 ALTER TABLE `roles` DISABLE KEYS */;
/*!40000 ALTER TABLE `roles` ENABLE KEYS */;
UNLOCK TABLES;

--
-- Table structure for table `sms_client`
--

DROP TABLE IF EXISTS `sms_client`;
/*!40101 SET @saved_cs_client     = @@character_set_client */;
/*!40101 SET character_set_client = utf8 */;
CREATE TABLE `sms_client` (
  `id` varchar(32) NOT NULL,
  `name` varchar(32) DEFAULT NULL,
  `phone` varchar(45) DEFAULT NULL,
  `remark` varchar(128) DEFAULT NULL,
  `created` timestamp NOT NULL DEFAULT CURRENT_TIMESTAMP,
  `updated` timestamp NOT NULL DEFAULT CURRENT_TIMESTAMP ON UPDATE CURRENT_TIMESTAMP,
  `id_card` varchar(64) DEFAULT NULL COMMENT '身份证',
  `used` varchar(64) DEFAULT NULL COMMENT '用途',
  `amount` int(11) DEFAULT NULL COMMENT '专属额度',
  `repay_date` date DEFAULT NULL COMMENT '还款日期',
  `stage` int(11) DEFAULT NULL COMMENT '分期数',
  `is_contect` int(11) NOT NULL DEFAULT '1' COMMENT '是否已通话   1：未通话 2.已通话  （默认1）',
  `explain` varchar(128) NOT NULL DEFAULT '""' COMMENT '电话备注',
  PRIMARY KEY (`id`)
) ENGINE=InnoDB DEFAULT CHARSET=utf8;
/*!40101 SET character_set_client = @saved_cs_client */;

--
-- Dumping data for table `sms_client`
--

LOCK TABLES `sms_client` WRITE;
/*!40000 ALTER TABLE `sms_client` DISABLE KEYS */;
INSERT INTO `sms_client` VALUES ('23a3d4056fdb4787b0cfb8aa7abeb001','朋泰山','13983155039','代发','2019-01-04 07:00:42','2019-01-09 09:14:29','510211197710281217','家装',190000,'2018-06-07',36,2,'没有装修，不需要'),('23a3d4056fdb4787b0cfb8aa7abeb002','张博','18680750203','优','2019-01-04 07:00:42','2019-01-09 08:51:47','500103198502032117','家装',250000,'2018-06-10',36,1,''),('23a3d4056fdb4787b0cfb8aa7abeb004','陶传义','13883350513','优','2019-01-04 07:00:42','2019-01-09 08:51:47','340826198405131837','家装',150000,'2018-06-13',36,1,''),('23a3d4056fdb4787b0cfb8aa7abeb009','黄梅','18996156808','房-大重庆','2019-01-04 07:00:42','2019-01-09 08:51:47','500222198902037421','家装',300000,'2018-07-02',60,1,''),('23a3d4056fdb4787b0cfb8aa7abeb010','苏鹏','18290412086','重点行业','2019-01-04 07:00:42','2019-01-09 08:51:47','513822198612174492','家装',100000,'2018-07-02',36,1,''),('23a3d4056fdb4787b0cfb8aa7abeb011','杨晓','17783857944','房-大重庆','2019-01-04 07:00:42','2019-01-09 08:51:47','51030419820912103X','家装',250000,'2018-07-02',60,1,''),('23a3d4056fdb4787b0cfb8aa7abeb012','徐鸿露','18723005617','房-大重庆','2019-01-04 07:00:42','2019-01-09 08:51:47','510202196508163216','家装',170000,'2018-07-03',60,1,''),('23a3d4056fdb4787b0cfb8aa7abeb014','郝明','18147109081','房-大重庆','2019-01-04 07:00:42','2019-01-09 08:51:47','150102199012206017','家装',156800,'2018-07-04',36,1,''),('23a3d4056fdb4787b0cfb8aa7abeb015','晏瑞雪','15023017942','房-大重庆','2019-01-04 07:00:42','2019-01-09 08:51:47','500112198906198101','家装',200000,'2018-07-05',36,1,''),('23a3d4056fdb4787b0cfb8aa7abeb016','朱西','13224908252','房-大重庆','2019-01-04 07:00:42','2019-01-09 08:51:47','500236199007296198','家装',95000,'2018-07-06',36,1,''),('23a3d4056fdb4787b0cfb8aa7abeb018','雷凌云','18315119799','房-大重庆','2019-01-04 07:00:42','2019-01-09 08:51:47','500232199705250044','家装',300000,'2018-07-10',36,1,''),('23a3d4056fdb4787b0cfb8aa7abeb020','陈威','18083006120','房-大重庆','2019-01-04 07:00:42','2019-01-09 08:51:47','332526198512195311','家装',200000,'2018-07-18',60,1,''),('23a3d4056fdb4787b0cfb8aa7abeb021','赵华南','17723531202','事业单位','2019-01-04 07:00:42','2019-01-09 08:51:47','511528199308291613','家装',170000,'2018-07-20',60,1,''),('23a3d4056fdb4787b0cfb8aa7abeb022','袁委','18680970752','房-大重庆','2019-01-04 07:00:42','2019-01-09 08:51:47','32132419860408505X','家装',500000,'2018-07-23',60,1,''),('23a3d4056fdb4787b0cfb8aa7abeb023','曾娟','18523133525','事业单位','2019-01-04 07:00:42','2019-01-09 08:51:47','510104197305254064','家装',190643,'2018-07-23',36,1,''),('23a3d4056fdb4787b0cfb8aa7abeb024','王茂','17740404048','房-大重庆','2019-01-04 07:00:42','2019-01-09 08:51:47','500382198702252516','家装',270000,'2018-07-26',36,1,''),('23a3d4056fdb4787b0cfb8aa7abeb025','贾怡然','18637775655','房-大重庆','2019-01-04 07:00:42','2019-01-09 08:51:47','411303198801130067','家装',80000,'2018-07-26',36,1,''),('23a3d4056fdb4787b0cfb8aa7abeb026','蒋艳','13983890504','房-大重庆','2019-01-04 07:00:42','2019-01-09 08:51:47','510202198103081828','家装',400000,'2018-07-31',36,1,''),('23a3d4056fdb4787b0cfb8aa7abeb027','唐大财','13983795035','房-大重庆','2019-01-04 07:00:42','2019-01-09 08:51:47','513521198201210150','家装',200000,'2018-08-01',36,1,''),('23a3d4056fdb4787b0cfb8aa7abeb032','杨大军','18351005528','房-大重庆','2019-01-04 07:00:42','2019-01-09 08:51:47','500382198405288635','家装',200000,'2018-08-24',36,1,''),('23a3d4056fdb4787b0cfb8aa7abeb033','向楚红','15523239863','房-大重庆','2019-01-04 07:00:42','2019-01-09 08:51:47','500235199202019122','家装',69035,'2018-08-30',12,1,''),('23a3d4056fdb4787b0cfb8aa7abeb034','张浩然','18602388885','房-大重庆','2019-01-04 07:00:42','2019-01-09 08:51:47','220102198103250412','家装',190000,'2018-08-30',36,1,''),('23a3d4056fdb4787b0cfb8aa7abeb036','戴晓静','18680709728','房-大重庆','2019-01-04 07:00:42','2019-01-09 08:51:47','510212197707281626','家装',175000,'2018-09-11',60,1,''),('23a3d4056fdb4787b0cfb8aa7abeb037','杨凯','18523311017','现役军官','2019-01-04 07:00:42','2019-01-09 08:51:47','510922198110178074','家装',300000,'2018-09-13',60,1,''),('23a3d4056fdb4787b0cfb8aa7abeb038','熊世伟','18984649199','房-大重庆','2019-01-04 07:00:42','2019-01-09 08:51:47','510216196412110433','家装',500000,'2018-09-20',36,1,''),('23a3d4056fdb4787b0cfb8aa7abeb039','吴丽红','15894330033','房-大重庆','2019-01-04 07:00:42','2019-01-09 08:51:47','342921198005184046','家装',500000,'2018-09-20',36,1,''),('23a3d4056fdb4787b0cfb8aa7abeb040','孙智涛','17359100909','房-大重庆','2019-01-04 07:00:42','2019-01-09 08:51:47','500228199005010512','家装',116000,'2018-09-21',60,1,''),('23a3d4056fdb4787b0cfb8aa7abeb041','阳艳丽','18602384333','公务员','2019-01-04 07:00:42','2019-01-09 08:51:47','510213197908119429','家装',300000,'2018-09-25',36,1,''),('23a3d4056fdb4787b0cfb8aa7abeb042','王玉章','15215119608','房-大重庆','2019-01-04 07:00:42','2019-01-09 08:51:47','411521199102162519','家装',89000,'2018-09-26',60,1,''),('23a3d4056fdb4787b0cfb8aa7abeb043','施洲博','15683229183','房-大重庆','2019-01-04 07:00:42','2019-01-09 08:51:47','500107198909022012','家装',500000,'2018-09-26',36,1,''),('23a3d4056fdb4787b0cfb8aa7abeb044','喻治平','13668071076','公务员','2019-01-04 07:00:42','2019-01-09 08:51:47','510232197804163926','家装',60000,'2018-10-12',36,1,''),('23a3d4056fdb4787b0cfb8aa7abeb045','牟亮','18580032988','房-大重庆','2019-01-04 07:00:42','2019-01-09 08:51:47','510213197501172834','家装',297500,'2018-10-16',60,1,''),('23a3d4056fdb4787b0cfb8aa7abeb046','涂小林','18523820685','事业单位','2019-01-04 07:00:42','2019-01-09 08:51:47','360102196701026332','家装',307329,'2018-10-23',60,1,''),('23a3d4056fdb4787b0cfb8aa7abeb048','陈志华','13883777175','事业单位','2019-01-04 07:00:42','2019-01-09 08:51:47','510283198109266426','家装',100000,'2018-10-25',36,1,''),('23a3d4056fdb4787b0cfb8aa7abeb049','向华荣','18996893986','房-大重庆','2019-01-04 07:00:42','2019-01-09 08:51:47','510221197912272733','家装',300000,'2018-10-25',24,1,''),('23a3d4056fdb4787b0cfb8aa7abeb050','赵永茂','15213187722','房-大重庆','2019-01-04 07:00:42','2019-01-09 08:51:47','500381199512286027','家装',220000,'2018-10-29',60,1,''),('23a3d4056fdb4787b0cfb8aa7abeb052','罗大明','15213659505','房-大重庆','2019-01-04 07:00:42','2019-01-09 08:51:47','510226197105054491','家装',100000,'2018-11-06',60,1,''),('23a3d4056fdb4787b0cfb8aa7abeb053','石鑫','13896793025','名企业','2019-01-04 07:00:42','2019-01-09 08:51:47','510902198209112731','家装',200000,'2018-11-08',36,1,''),('23a3d4056fdb4787b0cfb8aa7abeb054','张勇','13883470003','公务员','2019-01-04 07:00:42','2019-01-09 08:51:47','510212197408031619','家装',203126,'2018-11-12',36,1,''),('23a3d4056fdb4787b0cfb8aa7abeb055','贺仕龙','13708305606','社保缴费','2019-01-04 07:00:42','2019-01-09 08:51:47','513621198303058618','家装',56509,'2018-11-12',36,1,''),('23a3d4056fdb4787b0cfb8aa7abeb057','刘宇','18580807792','代发','2019-01-04 07:00:42','2019-01-09 08:51:47','341222199108232073','家装',100000,'2018-11-23',48,1,''),('23a3d4056fdb4787b0cfb8aa7abeb058','张静','15823374772','公务员','2019-01-04 07:00:42','2019-01-09 08:51:47','321088198802117310','家装',220000,'2018-11-23',36,1,''),('23a3d4056fdb4787b0cfb8aa7abeb059','蔺杰','15310000006','名企业','2019-01-04 07:00:42','2019-01-09 08:51:47','130404198202282759','家装',300000,'2018-12-03',60,1,''),('23a3d4056fdb4787b0cfb8aa7abeb060','舒娜','18680868899','房-大重庆','2019-01-04 07:00:42','2019-01-09 08:51:47','510202197711081528','家装',160000,'2018-12-06',36,1,''),('23a3d4056fdb4787b0cfb8aa7abeb061','周邦勇','18623418613','房-大重庆','2019-01-04 07:00:42','2019-01-09 08:51:47','500383198806134932','家装',180000,'2018-12-07',36,1,''),('23a3d4056fdb4787b0cfb8aa7abeb062','徐新方','13629706301','优','2019-01-04 07:00:42','2019-01-09 08:51:47','41132219830206341X','车位',70000,'2017-01-11',36,1,''),('23a3d4056fdb4787b0cfb8aa7abeb063','罗斌','13594223170','优','2019-01-04 07:00:42','2019-01-09 08:51:47','430221198907265912','车位',70000,'2017-01-09',24,1,''),('23a3d4056fdb4787b0cfb8aa7abeb064','陆峰','13752880314','优','2019-01-04 07:00:42','2019-01-09 08:51:47','341224198403020418','车位',58000,'2017-02-07',24,1,''),('23a3d4056fdb4787b0cfb8aa7abeb065','龚于富','13594000087','优','2019-01-04 07:00:42','2019-01-09 08:51:47','500239198708200018','车位',120000,'2017-01-09',60,1,''),('23a3d4056fdb4787b0cfb8aa7abeb066','陈寅','15213108366','优','2019-01-04 07:00:42','2019-01-09 08:51:47','500235198603101819','车位',90000,'2017-02-10',60,1,''),('23a3d4056fdb4787b0cfb8aa7abeb067','张晓林','18696621861','优','2019-01-04 07:00:42','2019-01-09 08:51:47','511028198911050847','车位',80000,'2017-02-07',60,1,''),('23a3d4056fdb4787b0cfb8aa7abeb068','唐雪峰','13983696942','优','2019-01-04 07:00:42','2019-01-09 08:51:47','51021519790611044X','家装',200000,'2017-03-21',36,1,''),('23a3d4056fdb4787b0cfb8aa7abeb069','刘欣悦','18696523397','优','2019-01-04 07:00:42','2019-01-09 08:51:47','230833198805100309','家装',70000,'2017-03-23',36,1,''),('23a3d4056fdb4787b0cfb8aa7abeb070','祝利军','15334560221','优','2019-01-04 07:00:42','2019-01-09 08:51:47','510211198202213933','家装',90000,'2017-03-30',60,1,''),('23a3d4056fdb4787b0cfb8aa7abeb071','秦岭','13996292161','优','2019-01-04 07:00:42','2019-01-09 08:51:47','510112198211081814','家装',140000,'2017-03-30',36,1,''),('23a3d4056fdb4787b0cfb8aa7abeb072','王截','13996228194','优','2019-01-04 07:00:42','2019-01-09 08:51:47','510218198201208109','家装',200000,'2017-04-01',36,1,''),('23a3d4056fdb4787b0cfb8aa7abeb074','方靖琴','17723603225','优','2019-01-04 07:00:42','2019-01-09 08:51:47','429004198404055322','家装',250000,'2017-04-01',36,1,''),('23a3d4056fdb4787b0cfb8aa7abeb075','纪浩','13883782083','公务员','2019-01-04 07:00:42','2019-01-09 08:51:47','620102198305120610','购车',150000,'2017-04-05',36,1,''),('23a3d4056fdb4787b0cfb8aa7abeb076','周瑜','13896116460','优','2019-01-04 07:00:42','2019-01-09 08:51:47','500382198603124287','购车',300000,'2017-01-22',36,1,''),('23a3d4056fdb4787b0cfb8aa7abeb077','邓晓娟','18623452195','优','2019-01-04 07:00:42','2019-01-09 08:51:47','510113198211040023','家装',250000,'2017-04-05',36,1,''),('23a3d4056fdb4787b0cfb8aa7abeb078','周维','13983360885','优','2019-01-04 07:00:42','2019-01-09 08:51:47','510214198304205124','车位',70000,'2017-03-06',36,1,''),('23a3d4056fdb4787b0cfb8aa7abeb079','郭旭阳','13647618655','优','2019-01-04 07:00:42','2019-01-09 08:51:47','130132198702221652','车位',65000,'2017-03-06',36,1,''),('23a3d4056fdb4787b0cfb8aa7abeb080','张瑞','13983703399','优','2019-01-04 07:00:42','2019-01-09 08:51:47','510212197305274538','车位',79000,'2017-03-06',36,1,''),('23a3d4056fdb4787b0cfb8aa7abeb081','王应爽','15909339822','优','2019-01-04 07:00:42','2019-01-09 08:51:47','500382199002020065','家装',100000,'2017-04-07',36,1,''),('23a3d4056fdb4787b0cfb8aa7abeb082','彭程．','13883813455','优','2019-01-04 07:00:42','2019-01-09 08:51:47','432501197805091518','家装',100000,'2017-04-07',36,1,''),('23a3d4056fdb4787b0cfb8aa7abeb083','傅君君','18502389949','优','2019-01-04 07:00:42','2019-01-09 08:51:47','430422198610204470','家装',150000,'2017-04-12',36,1,''),('23a3d4056fdb4787b0cfb8aa7abeb084','程积','18623571010','公积金','2019-01-04 07:00:42','2019-01-09 08:51:47','131002198110104687','家装',130000,'2017-04-13',36,1,''),('23a3d4056fdb4787b0cfb8aa7abeb085','陈波','15808095759','公务员','2019-01-04 07:00:42','2019-01-09 08:51:47','500228198512168766','购车',150000,'2017-04-04',36,1,''),('23a3d4056fdb4787b0cfb8aa7abeb086','潘耿','13908378584','优','2019-01-04 07:00:42','2019-01-09 08:51:47','510202196807230917','家装',60000,'2017-04-14',36,1,''),('23a3d4056fdb4787b0cfb8aa7abeb087','廖杰','13896126811','优','2019-01-04 07:00:42','2019-01-09 08:51:47','500108198502235143','家装',100000,'2017-04-14',36,1,''),('23a3d4056fdb4787b0cfb8aa7abeb088','向小红','18225349881','优','2019-01-04 07:00:42','2019-01-09 08:51:47','500241198810222725','购车',81000,'2017-03-03',36,1,''),('23a3d4056fdb4787b0cfb8aa7abeb089','赵秦','15923289858','优','2019-01-04 07:00:42','2019-01-09 08:51:47','510522198505176629','家装',180000,'2017-04-21',48,1,''),('23a3d4056fdb4787b0cfb8aa7abeb090','杨宇','15002388925','优','2019-01-04 07:00:42','2019-01-09 08:51:47','510703198801310513','家装',100000,'2017-05-12',36,1,''),('23a3d4056fdb4787b0cfb8aa7abeb091','杨栩','13983991000','优','2019-01-04 07:00:42','2019-01-09 08:51:47','510212198208302570','家装',100000,'2017-05-10',36,1,''),('23a3d4056fdb4787b0cfb8aa7abeb092','谢忠波','13896052808','公积金','2019-01-04 07:00:42','2019-01-09 08:51:47','432902197909240977','家装',70000,'2017-05-10',36,1,''),('23a3d4056fdb4787b0cfb8aa7abeb093','罗戟','13648293051','优','2019-01-04 07:00:42','2019-01-09 08:51:47','370686198310025039','购车',180000,'2017-03-23',36,1,''),('23a3d4056fdb4787b0cfb8aa7abeb094','刘亚男','15223148725','优','2019-01-04 07:00:42','2019-01-09 08:51:47','50022219900922312X','家装',80000,'2017-05-17',36,1,''),('23a3d4056fdb4787b0cfb8aa7abeb095','祖根蕾','13752867361','优','2019-01-04 07:00:42','2019-01-09 08:51:47','410728198401043609','家装',80000,'2017-05-18',36,1,''),('23a3d4056fdb4787b0cfb8aa7abeb096','王立夫','15825977373','优','2019-01-04 07:00:42','2019-01-09 08:51:47','210323198710030578','车位',60000,'2017-04-19',24,1,''),('23a3d4056fdb4787b0cfb8aa7abeb097','张辛波','15123393233','优','2019-01-04 07:00:42','2019-01-09 08:51:47','500383198609100012','车位',50000,'2017-04-10',36,1,''),('23a3d4056fdb4787b0cfb8aa7abeb098','舒萍','13650548609','优','2019-01-04 07:00:42','2019-01-09 08:51:47','510103196803166621','车位',80000,'2017-03-31',24,1,''),('23a3d4056fdb4787b0cfb8aa7abeb099','王显科','13908356880','优','2019-01-04 07:00:42','2019-01-09 08:51:47','510212197903070316','车位',120000,'2017-03-20',36,1,''),('23a3d4056fdb4787b0cfb8aa7abeb100','荣建峰','18580864318','优','2019-01-04 07:00:42','2019-01-09 08:51:47','511023198911014318','车位',95000,'2017-03-10',36,1,''),('23a3d4056fdb4787b0cfb8aa7abeb101','周豪嘉','13983909991','优','2019-01-04 07:00:42','2019-01-09 08:51:47','500221198710250010','车位',90000,'2017-03-23',36,1,''),('23a3d4056fdb4787b0cfb8aa7abeb102','唐小净','18716671331','优','2019-01-04 07:00:42','2019-01-09 08:51:47','500235198612141601','车位',99000,'2017-05-05',36,1,''),('23a3d4056fdb4787b0cfb8aa7abeb103','廖希','15023388981','优','2019-01-04 07:00:42','2019-01-09 08:51:47','510722198801014940','车位',60000,'2017-05-31',24,1,''),('23a3d4056fdb4787b0cfb8aa7abeb104','宋伦顺','15823137642','优','2019-01-04 07:00:42','2019-01-09 08:51:47','431128198510195012','家装',150000,'2017-06-09',36,1,''),('23a3d4056fdb4787b0cfb8aa7abeb105','邵枭虎','18523991156','优','2019-01-04 07:00:42','2019-01-09 08:51:47','142701198701013335','家装',38000,'2017-06-12',36,1,''),('23a3d4056fdb4787b0cfb8aa7abeb106','彭云峰','18983022877','优','2019-01-04 07:00:42','2019-01-09 08:51:47','510682198010048010','家装',270000,'2017-06-12',36,1,''),('23a3d4056fdb4787b0cfb8aa7abeb107','王翔','13883518355','优','2019-01-04 07:00:42','2019-01-09 08:51:47','14010319760914511X','家装',240000,'2017-06-14',36,1,''),('23a3d4056fdb4787b0cfb8aa7abeb108','国瑞婧','13883399463','优','2019-01-04 07:00:42','2019-01-09 08:51:47','500108198805132328','家装',60000,'2017-06-07',36,1,''),('23a3d4056fdb4787b0cfb8aa7abeb110','谢维超','15923318228','公积金','2019-01-04 07:00:42','2019-01-09 08:51:47','510225197306268131','车位',125000,'2017-05-31',36,1,''),('23a3d4056fdb4787b0cfb8aa7abeb111','李文卿','13808357848','优','2019-01-04 07:00:42','2019-01-09 08:51:47','362531197506180393','车位',60000,'2017-06-01',36,1,''),('23a3d4056fdb4787b0cfb8aa7abeb112','韩海波','15223452055','优','2019-01-04 07:00:42','2019-01-09 08:51:47','142703197506153314','车位',60000,'2017-05-26',36,1,''),('23a3d4056fdb4787b0cfb8aa7abeb113','谭昌勇','18523091213','优','2019-01-04 07:00:42','2019-01-09 08:51:47','511622198812136711','家装',150000,'2017-06-23',36,1,''),('23a3d4056fdb4787b0cfb8aa7abeb114','刘吉彦','13527555535','优','2019-01-04 07:00:42','2019-01-09 08:51:47','51021219751229163X','家装',270000,'2017-06-26',60,1,''),('23a3d4056fdb4787b0cfb8aa7abeb115','刘靖','18580005829','优','2019-01-04 07:00:42','2019-01-09 08:51:47','500107198608296546','家装',50000,'2017-07-20',36,1,''),('23a3d4056fdb4787b0cfb8aa7abeb116','章建华','13527400519','优','2019-01-04 07:00:42','2019-01-09 08:51:47','500229198706152419','车位',80000,'2017-04-21',36,1,''),('23a3d4056fdb4787b0cfb8aa7abeb117','雷嘉佳','18983766600','优','2019-01-04 07:00:42','2019-01-09 08:51:47','500113198403L42428','家装',100000,'2017-08-08',36,1,''),('23a3d4056fdb4787b0cfb8aa7abeb118','丁楠','13883859095','公积金','2019-01-04 07:00:42','2019-01-09 08:51:47','50010519880608121X','家装',100000,'2017-08-11',36,1,''),('23a3d4056fdb4787b0cfb8aa7abeb119','冯梦贻','15826426366','优','2019-01-04 07:00:42','2019-01-09 08:51:47','50023319870710814X','车位',80000,'2017-06-20',36,1,''),('23a3d4056fdb4787b0cfb8aa7abeb120','刘开品','18290221955','优','2019-01-04 07:00:42','2019-01-09 08:51:47','42282219840917403X','车位',90000,'2017-06-21',36,1,''),('23a3d4056fdb4787b0cfb8aa7abeb121','李烨熙','18523093131','优','2019-01-04 07:00:42','2019-01-09 08:51:47','140303199107301231','教育',150000,'2017-08-22',24,1,''),('23a3d4056fdb4787b0cfb8aa7abeb122','刘威明','15922722866','代发','2019-01-04 07:00:42','2019-01-09 08:51:47','220204198305151517','家装',90000,'2017-09-07',36,1,''),('23a3d4056fdb4787b0cfb8aa7abeb123','王曦','15803078171','优','2019-01-04 07:00:42','2019-01-09 08:51:47','511202198211061622','家装',100000,'2017-09-30',36,1,''),('23a3d4056fdb4787b0cfb8aa7abeb124','赵琳','15922990887','优','2019-01-04 07:00:42','2019-01-09 08:51:47','500101198903020122','购车',100000,'2017-10-19',24,1,''),('23a3d4056fdb4787b0cfb8aa7abeb125','吴维熙','18523636465','优','2019-01-04 07:00:42','2019-01-09 08:51:47','510302198807281030','家装',100000,'2017-11-02',36,1,''),('23a3d4056fdb4787b0cfb8aa7abeb126','唐淑钦','18676751516','房-大重庆','2019-01-04 07:00:42','2019-01-09 08:51:47','500234198606153706','车位',100000,'2017-11-06',60,1,''),('23a3d4056fdb4787b0cfb8aa7abeb127','郭震','18523065905','优','2019-01-04 07:00:42','2019-01-09 08:51:47','510322198708121539','家装',50000,'2017-11-25',36,1,''),('23a3d4056fdb4787b0cfb8aa7abeb128','杨超','15215133801','优','2019-01-04 07:00:42','2019-01-09 08:51:47','510722197908226973','购车',100000,'2017-12-07',36,1,''),('23a3d4056fdb4787b0cfb8aa7abeb129','游书源','13668038522','房-大重庆','2019-01-04 07:00:42','2019-01-09 08:51:47','350181199012022237','车位',260000,'2017-12-13',24,1,''),('23a3d4056fdb4787b0cfb8aa7abeb130','黄莉','13983020291','优','2019-01-04 07:00:42','2019-01-09 08:51:47','510222197405239046','购车',300000,'2017-12-14',36,1,''),('23a3d4056fdb4787b0cfb8aa7abeb131','苏家平','13436157108','房-大重庆','2019-01-04 07:00:42','2019-01-09 08:51:47','510225197007020099','衍生品',5000,'2017-12-14',36,1,''),('23a3d4056fdb4787b0cfb8aa7abeb132','崔钰梓','13983108926','优','2019-01-04 07:00:42','2019-01-09 08:51:47','500107198902012452','衍生品',5000,'2017-12-14',36,1,''),('23a3d4056fdb4787b0cfb8aa7abeb133','李依清','18875019965','优','2019-01-04 07:00:42','2019-01-09 08:51:47','500236199211057338','家装',70000,'2017-12-09',36,1,''),('23a3d4056fdb4787b0cfb8aa7abeb134','李永红','13012368405','房-大重庆','2019-01-04 07:00:42','2019-01-09 08:51:47','510902197611039961','车位',180000,'2017-12-22',60,1,''),('23a3d4056fdb4787b0cfb8aa7abeb135','傅晓','18623390707','优','2019-01-04 07:00:42','2019-01-09 08:51:47','510202197701090615','购车',298000,'2017-12-27',36,1,''),('23a3d4056fdb4787b0cfb8aa7abeb136','戴豫川','13883392345','优','2019-01-04 07:00:42','2019-01-09 08:51:47','510105197012269736','家装',260000,'2018-01-03',36,1,''),('23a3d4056fdb4787b0cfb8aa7abeb137','王硕','18696667595','优','2019-01-04 07:00:42','2019-01-09 08:51:47','654028199009080775','购车',160000,'2018-01-03',36,1,''),('23a3d4056fdb4787b0cfb8aa7abeb138','杨列娟','18696686696','优','2019-01-04 07:00:42','2019-01-09 08:51:47','610124198410091520','家装',100000,'2018-01-14',36,1,''),('23a3d4056fdb4787b0cfb8aa7abeb140','汪舟','18580070777','代发','2019-01-04 07:00:42','2019-01-09 08:51:47','500235198907044251','家装',150000,'2018-01-20',36,1,''),('23a3d4056fdb4787b0cfb8aa7abeb141','赵信智','18580039071','优','2019-01-04 07:00:42','2019-01-09 08:51:47','500104199202160011','家装',100000,'2018-01-22',36,1,''),('23a3d4056fdb4787b0cfb8aa7abeb142','刘瀚洋','18696649976','优','2019-01-04 07:00:42','2019-01-09 08:51:47','342423199108300118','家装',120000,'2018-01-27',36,1,''),('23a3d4056fdb4787b0cfb8aa7abeb144','喻游泳','18696772575','代发','2019-01-04 07:00:42','2019-01-09 08:51:47','430621198706302715','家装',200000,'2018-01-31',36,1,''),('23a3d4056fdb4787b0cfb8aa7abeb145','思有宁','13983751947','房-大重庆','2019-01-04 07:00:42','2019-01-09 08:51:47','452123198809274332','车位',50000,'2017-12-15',36,1,''),('23a3d4056fdb4787b0cfb8aa7abeb146','伯川江','18696668948','优','2019-01-04 07:00:42','2019-01-09 08:51:47','500233198706216093','车位',100000,'2017-12-18',36,1,''),('23a3d4056fdb4787b0cfb8aa7abeb147','陈娟','17823329728','优','2019-01-04 07:00:42','2019-01-09 08:51:47','500109198610167981','车位',99000,'2018-01-08',36,1,''),('23a3d4056fdb4787b0cfb8aa7abeb148','蒋静','13320330996','房-大重庆','2019-01-04 07:00:42','2019-01-09 08:51:47','500112198606173850','车位',95000,'2018-01-09',36,1,''),('23a3d4056fdb4787b0cfb8aa7abeb149','何俊希','15802394122','房-大重庆','2019-01-04 07:00:42','2019-01-09 08:51:47','500243199107166263','车位',80000,'2018-01-09',60,1,''),('23a3d4056fdb4787b0cfb8aa7abeb150','张胜宜','13594025032','房-大重庆','2019-01-04 07:00:42','2019-01-09 08:51:47','411322198708072447','车位',101000,'2018-01-09',36,1,''),('23a3d4056fdb4787b0cfb8aa7abeb151','陈小强','18223410680','房-大重庆','2019-01-04 07:00:42','2019-01-09 08:51:47','500231198907287573','车位',100000,'2018-01-09',36,1,''),('23a3d4056fdb4787b0cfb8aa7abeb152','杨龙','18623385990','代发','2019-01-04 07:00:42','2019-01-09 08:51:47','610324198812150571','家装',120000,'2018-02-06',36,1,''),('23a3d4056fdb4787b0cfb8aa7abeb153','魏晓','18602304567','优','2019-01-04 07:00:42','2019-01-09 08:51:47','500241198711170026','车位',120000,'2018-02-05',36,1,''),('23a3d4056fdb4787b0cfb8aa7abeb154','林瑞尖','13983872717','房-大重庆','2019-01-04 07:00:42','2019-01-09 08:51:47','330381198705140976','车位',150000,'2017-12-22',60,1,''),('23a3d4056fdb4787b0cfb8aa7abeb155','张娟','18523208787','房-大重庆','2019-01-04 07:00:42','2019-01-09 08:51:47','500101198811007980','车位',160000,'2017-12-22',36,1,''),('23a3d4056fdb4787b0cfb8aa7abeb156','占兰些','18983999219','房-大重庆','2019-01-04 07:00:42','2019-01-09 08:51:47','51122619801206002X','车位',150000,'2017-02-26',36,1,''),('23a3d4056fdb4787b0cfb8aa7abeb157','幸念','13883697877','优','2019-01-04 07:00:42','2019-01-09 08:51:47','510202198011193822','车位',100000,'2017-12-27',24,1,''),('23a3d4056fdb4787b0cfb8aa7abeb158','吴洋','18600560088','房-大重庆','2019-01-04 07:00:42','2019-01-09 08:51:47','110101198107154039','车位',290000,'2017-12-28',60,1,''),('23a3d4056fdb4787b0cfb8aa7abeb159','温法坤','18115718368','房-大重庆','2019-01-04 07:00:42','2019-01-09 08:51:47','320311196910254630','车位',190000,'2018-01-02',60,1,''),('23a3d4056fdb4787b0cfb8aa7abeb160','肖宗慎','13883708848','房-大重庆','2019-01-04 07:00:42','2019-01-09 08:51:47','500227199108243910','车位',160000,'2018-01-02',36,1,''),('23a3d4056fdb4787b0cfb8aa7abeb161','冉雨香','18108397555','房-大重庆','2019-01-04 07:00:42','2019-01-09 08:51:47','500101198504050244','车位',250000,'2018-01-02',36,1,''),('23a3d4056fdb4787b0cfb8aa7abeb162','李鹏伟','13193088988','优','2019-01-04 07:00:42','2019-01-09 08:51:47','51290119690907041X','车位',210000,'2018-01-03',36,1,''),('23a3d4056fdb4787b0cfb8aa7abeb163','何潜','18523065778','房-大重庆','2019-01-04 07:00:42','2019-01-09 08:51:47','513021197906157431','车位',220000,'2018-01-12',36,1,''),('23a3d4056fdb4787b0cfb8aa7abeb164','袁嫡','13657650665','优','2019-01-04 07:00:42','2019-01-09 08:51:47','500103198410210940','车位',130000,'2018-01-12',24,1,''),('23a3d4056fdb4787b0cfb8aa7abeb165','秦铭','18523671556','房-大重庆','2019-01-04 07:00:42','2019-01-09 08:51:47','500240199001030019','车位',150000,'2018-01-12',60,1,''),('23a3d4056fdb4787b0cfb8aa7abeb166','王智圆','18375732518','房-大重庆','2019-01-04 07:00:42','2019-01-09 08:51:47','411324199709090046','车位',90000,'2018-01-23',36,1,''),('23a3d4056fdb4787b0cfb8aa7abeb167','曹春平','13983715945','房-大重庆','2019-01-04 07:00:42','2019-01-09 08:51:47','51162219860127222X','车位',150000,'2018-01-25',36,1,''),('23a3d4056fdb4787b0cfb8aa7abeb168','王云浩','15958206673','优','2019-01-04 07:00:42','2019-01-09 08:51:47','360104198307090434','车位',120000,'2018-01-31',12,1,''),('23a3d4056fdb4787b0cfb8aa7abeb169','林侍','13658360833','房-大重庆','2019-01-04 07:00:42','2019-01-09 08:51:47','510283198306155485','银卡2018-20号(c)',99000,'2018-02-06',36,1,''),('23a3d4056fdb4787b0cfb8aa7abeb170','唐俊','18696669585','代发','2019-01-04 07:00:42','2019-01-09 08:51:47','500240198608190030','家装',120000,'2018-02-08',36,1,''),('23a3d4056fdb4787b0cfb8aa7abeb171','杨森宇','13608309466','房-大重庆','2019-01-04 07:00:42','2019-01-09 08:51:47','50011319960107941X','车位',150000,'2018-02-09',24,1,''),('23a3d4056fdb4787b0cfb8aa7abeb172','谢英语','13983719333','房-大重庆','2019-01-04 07:00:42','2019-01-09 08:51:47','500227198401190016','车位',170000,'2018-02-09',60,1,''),('23a3d4056fdb4787b0cfb8aa7abeb173','龚达虎','18580127456','房-大重庆','2019-01-04 07:00:42','2019-01-09 08:51:47','500230198401030010','车位',140000,'2018-02-12',60,1,''),('23a3d4056fdb4787b0cfb8aa7abeb174','张小兰','18306022792','房-大重庆','2019-01-04 07:00:42','2019-01-09 08:51:47','500382198506259083','率位',140000,'2018-02-12',36,1,''),('23a3d4056fdb4787b0cfb8aa7abeb175','胡仟','15826083553','房-大重庆','2019-01-04 07:00:42','2019-01-09 08:51:47','510322198704258124','车位',140000,'2018-02-27',36,1,''),('23a3d4056fdb4787b0cfb8aa7abeb176','欧阳玮','18623187611','优','2019-01-04 07:00:42','2019-01-09 08:51:47','330702198605206032','家装',200000,'2018-03-07',36,1,''),('23a3d4056fdb4787b0cfb8aa7abeb177','龚娟娟','18580143026','房-大重庆','2019-01-04 07:00:42','2019-01-09 08:51:47','410181198411136022','车位',110000,'2018-03-07',36,1,''),('23a3d4056fdb4787b0cfb8aa7abeb178','姜利玲','13996092104','事业单位','2019-01-04 07:00:42','2019-01-09 08:51:47','430124198908226281','车位',99000,'2018-03-09',36,1,''),('23a3d4056fdb4787b0cfb8aa7abeb179','李柯余','18325019789','优','2019-01-04 07:00:42','2019-01-09 08:51:47','500231199011300418','家装',150000,'2018-03-14',36,1,''),('23a3d4056fdb4787b0cfb8aa7abeb180','陈娜','13436119829','房-大重庆','2019-01-04 07:00:42','2019-01-09 08:51:47','50010319850925621X','车位',140000,'2018-03-15',60,1,''),('23a3d4056fdb4787b0cfb8aa7abeb181','张功国','13983891696','公务员','2019-01-04 07:00:42','2019-01-09 08:51:47','360311197912030034','其他个人消费',250000,'2018-03-21',36,1,''),('23a3d4056fdb4787b0cfb8aa7abeb182','刘国梅','15023668399','房-大重庆','2019-01-04 07:00:42','2019-01-09 08:51:47','510213198205157941','车位',140000,'2018-03-23',36,1,''),('23a3d4056fdb4787b0cfb8aa7abeb183','蒲兴春','18680904484','房-大重庆','2019-01-04 07:00:42','2019-01-09 08:51:47','512322197804117190','车位',140000,'2018-03-23',36,1,''),('23a3d4056fdb4787b0cfb8aa7abeb184','吕洪波','18602382538','优','2019-01-04 07:00:42','2019-01-09 08:51:47','511021197003259116','其他个人消费',170000,'2018-03-31',36,1,''),('23a3d4056fdb4787b0cfb8aa7abeb186','邹进','18008315639','优','2019-01-04 07:00:42','2019-01-09 08:51:47','500233198405296106','丰位',140000,'2018-03-25',36,1,''),('23a3d4056fdb4787b0cfb8aa7abeb188','王竞','13896297591','优','2019-01-04 07:00:42','2019-01-09 08:51:47','51122519821112021X','购车',150000,'2018-03-26',24,1,''),('23a3d4056fdb4787b0cfb8aa7abeb189','段磊','13883790295','公务员','2019-01-04 07:00:42','2019-01-09 08:51:47','500112199311166332','购车',250000,'2018-04-02',36,1,''),('23a3d4056fdb4787b0cfb8aa7abeb190','许晋','18580398809','公务员','2019-01-04 07:00:42','2019-01-09 08:51:47','500384198104068818','其他个人消费',250000,'2018-04-05',36,1,''),('23a3d4056fdb4787b0cfb8aa7abeb191','鄢兴伟','13527479466','优','2019-01-04 07:00:42','2019-01-09 08:51:47','510222197507033110','购车',80000,'2018-03-15',36,1,''),('23a3d4056fdb4787b0cfb8aa7abeb192','王梅','13983223668','房-大重庆','2019-01-04 07:00:42','2019-01-09 08:51:47','500106198701258943','购车',197000,'2018-03-23',60,1,''),('23a3d4056fdb4787b0cfb8aa7abeb193','罗燕','13896228999','房-大重庆','2019-01-04 07:00:42','2019-01-09 08:51:47','500238198312260480','购车',220000,'2018-03-21',60,1,''),('23a3d4056fdb4787b0cfb8aa7abeb194','杨奕','18683375558','优','2019-01-04 07:00:42','2019-01-09 08:51:47','510302198604162015','家装',90000,'2018-04-06',36,1,''),('23a3d4056fdb4787b0cfb8aa7abeb195','马前','15213189678','优','2019-01-04 07:00:42','2019-01-09 08:51:47','500240198503114496','家装',60000,'2018-04-04',12,1,''),('23a3d4056fdb4787b0cfb8aa7abeb196','何雅琴','15123338019','房-大重庆','2019-01-04 07:00:42','2019-01-09 08:51:47','500223199005116665','车位',95000,'2018-04-17',36,1,''),('23a3d4056fdb4787b0cfb8aa7abeb197','张练','18623088982','优','2019-01-04 07:00:42','2019-01-09 08:51:47','510211198209191810','家装',100000,'2018-04-13',36,1,''),('23a3d4056fdb4787b0cfb8aa7abeb199','郑星驰','15703070275','优','2019-01-04 07:00:42','2019-01-09 08:51:47','500103199012231812','购车',132000,'2017-12-12',18,1,''),('23a3d4056fdb4787b0cfb8aa7abeb201','苏家平','13618204588','房-大重庆','2019-01-04 07:00:42','2019-01-09 08:51:47','510225197007020099','购车',261000,'2017-12-13',36,1,''),('23a3d4056fdb4787b0cfb8aa7abeb202','张雯雯','15213647667','房-大重庆','2019-01-04 07:00:42','2019-01-09 08:51:47','500231198801240427','车位',100000,'2018-04-18',36,1,''),('23a3d4056fdb4787b0cfb8aa7abeb203','李寿会','13983246552','优','2019-01-04 07:00:42','2019-01-09 08:51:47','010219198109242861','家装',100000,'2018-04-21',36,1,''),('23a3d4056fdb4787b0cfb8aa7abeb204','杨清','15808070910','房-大重庆','2019-01-04 07:00:42','2019-01-09 08:51:47','500382198808216206','车位',250000,'2018-04-24',12,1,''),('23a3d4056fdb4787b0cfb8aa7abeb206','王亚明','13022322020','优','2019-01-04 07:00:42','2019-01-09 08:51:47','370683198912032237','家装',50000,'2018-04-27',36,1,''),('23a3d4056fdb4787b0cfb8aa7abeb207','李贤哲','17782350929','房-大重庆','2019-01-04 07:00:42','2019-01-09 08:51:47','500381199209080210','车位',140000,'2018-05-04',60,1,''),('23a3d4056fdb4787b0cfb8aa7abeb208','刘冬','17755295678','房-大重庆','2019-01-04 07:00:42','2019-01-09 08:51:47','340323198103190018','车位',140000,'2018-05-07',36,1,''),('23a3d4056fdb4787b0cfb8aa7abeb209','付婕','15123808045','房-大重庆','2019-01-04 07:00:42','2019-01-09 08:51:47','511623199002255760','车位',70000,'2018-05-08',60,1,''),('23a3d4056fdb4787b0cfb8aa7abeb210','马晓霞','15178873331','房-大重庆','2019-01-04 07:00:42','2019-01-09 08:51:47','511321198602242564','车位',150000,'2018-05-09',60,1,''),('23a3d4056fdb4787b0cfb8aa7abeb211','姚元','18623383759','社保','2019-01-04 07:00:42','2019-01-09 08:51:47','410304198510202513','车位',100000,'2018-05-10',36,1,''),('23a3d4056fdb4787b0cfb8aa7abeb212','杨梅','13648422698','优','2019-01-04 07:00:42','2019-01-09 08:51:47','50010919890329102X.','购车',130000,'2018-05-16',36,1,''),('23a3d4056fdb4787b0cfb8aa7abeb213','候俊','13883599773','房-大重庆','2019-01-04 07:00:42','2019-01-09 08:51:47','500113198602219416','车位',150000,'2018-05-17',36,1,''),('23a3d4056fdb4787b0cfb8aa7abeb214','邓仁山','13908336881','房-大重庆','2019-01-04 07:00:42','2019-01-09 08:51:47','510202197110250912','车位',140000,'2018-05-15',60,1,''),('23a3d4056fdb4787b0cfb8aa7abeb215','曾海龙','13996256138','房-大重庆','2019-01-04 07:00:42','2019-01-09 08:51:47','350583197908154393','车位',100000,'2018-05-21',36,1,''),('23a3d4056fdb4787b0cfb8aa7abeb216','冉钦朋','15223148001','优','2019-01-04 07:00:42','2019-01-09 08:51:47','500240198910152158','车位',135000,'2018-05-22',36,1,''),('23a3d4056fdb4787b0cfb8aa7abeb217','孙顺春','13399855999','优','2019-01-04 07:00:42','2019-01-09 08:51:47','370481198003214259','车位',130000,'2018-05-15',36,1,''),('23a3d4056fdb4787b0cfb8aa7abeb218','刘星辰','13983377795','房-大重庆','2019-01-04 07:00:42','2019-01-09 08:51:47','500104198311100021','车位',158000,'2018-05-24',36,1,''),('23a3d4056fdb4787b0cfb8aa7abeb219','张婷','13983212216','房-大重庆','2019-01-04 07:00:42','2019-01-09 08:51:47','510216198302190427','车位',140000,'2018-05-24',36,1,''),('23a3d4056fdb4787b0cfb8aa7abeb220','周罗','17723582119','房-大重庆','2019-01-04 07:00:42','2019-01-09 08:51:47','500112199201101132','车位',100000,'2018-05-24',36,1,''),('23a3d4056fdb4787b0cfb8aa7abeb221','肖田田','17729602519','房-大重庆','2019-01-04 07:00:42','2019-01-09 08:51:47','429004198210123868','车位',80000,'2018-05-24',36,1,''),('23a3d4056fdb4787b0cfb8aa7abeb222','周春燕','15696669919','房-大重庆','2019-01-04 07:00:42','2019-01-09 08:51:47','360602198307112028','车位',150000,'2018-05-23',12,1,''),('23a3d4056fdb4787b0cfb8aa7abeb223','张莉佳','18602313733','房-大重庆','2019-01-04 07:00:42','2019-01-09 08:51:47','510202198112135525','车位',260000,'2018-05-25',36,1,''),('23a3d4056fdb4787b0cfb8aa7abeb224','周敏','13658321707','房-大重庆','2019-01-04 07:00:42','2019-01-09 08:51:47','500112199004115068','车位',120000,'2018-05-25',60,1,''),('23a3d4056fdb4787b0cfb8aa7abeb225','王维疆','13983991856','房-大重庆','2019-01-04 07:00:42','2019-01-09 08:51:47','654001197104183730','车位',118000,'2018-05-28',36,1,''),('23a3d4056fdb4787b0cfb8aa7abeb226','董向前','13193159397','房-大重庆','2019-01-04 07:00:42','2019-01-09 08:51:47','422126197604262011','车位',116000,'2018-05-28',36,1,''),('23a3d4056fdb4787b0cfb8aa7abeb227','冯振宇','13527489779','房-大重庆','2019-01-04 07:00:42','2019-01-09 08:51:47','230621198712092761','车位',50000,'2018-05-28',24,1,''),('23a3d4056fdb4787b0cfb8aa7abeb228','黄小红','13527586268','优','2019-01-04 07:00:42','2019-01-09 08:51:47','510202196803123524','车位',150000,'2018-05-31',60,1,''),('23a3d4056fdb4787b0cfb8aa7abeb229','全兴国','13818655696','房-大重庆','2019-01-04 07:00:42','2019-01-09 08:51:47','220281197711246210','车位',150000,'2018-05-30',60,1,''),('23a3d4056fdb4787b0cfb8aa7abeb230','陈兆强','13436205217','房-大重庆','2019-01-04 07:00:42','2019-01-09 08:51:47','500101198911126736','车位',50000,'2018-05-29',36,1,''),('23a3d4056fdb4787b0cfb8aa7abeb232','黄敦霞','13508303587','房-大重庆','2019-01-04 07:00:42','2019-01-09 08:51:47','340825197808053131','车位',150000,'2018-06-05',36,1,''),('23a3d4056fdb4787b0cfb8aa7abeb234','娄芳','13980770820','房-大重庆','2019-01-04 07:00:42','2019-01-09 08:51:47','51022319750828812X','车位',150000,'2018-06-12',36,1,''),('23a3d4056fdb4787b0cfb8aa7abeb235','刘仕春','13436084415','优','2019-01-04 07:00:42','2019-01-09 08:51:47','512222198003110246','家装',200000,'2018-06-17',36,1,''),('23a3d4056fdb4787b0cfb8aa7abeb237','闫龙增','15823084217','优','2019-01-04 07:00:42','2019-01-09 08:51:47','410581198802179099','车位',138000,'2018-06-14',36,1,''),('23a3d4056fdb4787b0cfb8aa7abeb238','邓礼琴','13547530556','房-大重庆','2019-01-04 07:00:42','2019-01-09 08:51:47','511681198706143424','车位',150000,'2018-06-14',36,1,''),('23a3d4056fdb4787b0cfb8aa7abeb239','吴鹏','13228686957','优','2019-01-04 07:00:42','2019-01-09 08:51:47','510124198404271732','家装',250000,'2018-06-25',36,1,''),('23a3d4056fdb4787b0cfb8aa7abeb240','邓维兵','13658337588','房-大重庆','2019-01-04 07:00:42','2019-01-09 08:51:47','510215197609183319','汽车',101000,'2018-06-22',36,1,''),('23a3d4056fdb4787b0cfb8aa7abeb241','蔡小蓉','13512338671','房-大重庆','2019-01-04 07:00:42','2019-01-09 08:51:47','500382198605199442','汔车',94000,'2018-06-26',36,1,''),('23a3d4056fdb4787b0cfb8aa7abeb242','陈邱','13617688890','房-大重庆','2019-01-04 07:00:42','2019-01-09 08:51:47','500112198608181758','汽车',190000,'2018-06-20',60,1,''),('23a3d4056fdb4787b0cfb8aa7abeb243','王倩','18723105583','房-大重庆','2019-01-04 07:00:42','2019-01-09 08:51:47','500221199108247649','汽车',30400,'2018-06-20',60,1,''),('23a3d4056fdb4787b0cfb8aa7abeb244','王刚','13320229565','房-大重庆','2019-01-04 07:00:42','2019-01-09 08:51:47','51021219780916085X','汽车',77000,'2018-06-07',60,1,''),('23a3d4056fdb4787b0cfb8aa7abeb245','王春云','13648308921','房-大重庆','2019-01-04 07:00:42','2019-01-09 08:51:47','360425199101122042','汽车',77000,'2018-06-08',60,1,''),('23a3d4056fdb4787b0cfb8aa7abeb247','龙梅','13983888610','房-大重庆','2019-01-04 07:00:42','2019-01-09 08:51:47','510215197408215724','汔车',184000,'2018-06-26',36,1,''),('23a3d4056fdb4787b0cfb8aa7abeb248','刘倩','18580475217','房-大重庆','2019-01-04 07:00:42','2019-01-09 08:51:47','50022119900427292X','汽车',178000,'2018-06-26',60,1,''),('23a3d4056fdb4787b0cfb8aa7abeb249','肖德开','13527336111','房-大重庆','2019-01-04 07:00:42','2019-01-09 08:51:47','500229196807272949','家装',260000,'2018-06-27',60,1,''),('23a3d4056fdb4787b0cfb8aa7abeb250','杨雪峰','15923535517','优','2019-01-04 07:00:42','2019-01-09 08:51:47','500101198911093137','车位',100000,'2018-06-27',36,1,''),('23a3d4056fdb4787b0cfb8aa7abeb252','梁光辉','13908388081','房-大重庆','2019-01-04 07:00:42','2019-01-09 08:51:47','51021319640702083X','车位',83200,'2018-06-29',36,1,''),('23a3d4056fdb4787b0cfb8aa7abeb253','刘冰','13883156760','房-大重庆','2019-01-04 07:00:42','2019-01-09 08:51:47','510223197505240227','汽车',395000,'2018-06-29',60,1,''),('23a3d4056fdb4787b0cfb8aa7abeb254','肖静','13330272158','房-大重庆','2019-01-04 07:00:42','2019-01-09 08:51:47','510202197904210920','家装',145767,'2018-07-02',60,1,''),('23a3d4056fdb4787b0cfb8aa7abeb255','李婷','13627685203','房-大重庆','2019-01-04 07:00:42','2019-01-09 08:51:47','500237198810240021','汽车',231000,'2018-07-02',36,1,''),('23a3d4056fdb4787b0cfb8aa7abeb257','谭小蜜','18716593328','房-大重庆','2019-01-04 07:00:42','2019-01-09 08:51:47','512222197608025349','汽车',155000,'2018-07-02',36,1,''),('23a3d4056fdb4787b0cfb8aa7abeb263','陈莉','13340243888','优','2019-01-04 07:00:42','2019-01-09 08:51:47','510226197411043424','家装',280000,NULL,36,1,''),('23a3d4056fdb4787b0cfb8aa7abeb264','刘天会','13883683925','房-大重庆','2019-01-04 07:00:42','2019-01-09 08:51:47','411522198509255110','车位',140000,'2018-07-04',60,1,''),('23a3d4056fdb4787b0cfb8aa7abeb265','邹剑','18502340890','房-大重庆','2019-01-04 07:00:42','2019-01-09 08:51:47','500103198504055013','车位',158000,'2018-07-04',36,1,''),('23a3d4056fdb4787b0cfb8aa7abeb266','谭倩','13996145372','房-大重庆','2019-01-04 07:00:42','2019-01-09 08:51:47','500231199405088528','车位',100000,'2018-07-04',36,1,''),('23a3d4056fdb4787b0cfb8aa7abeb267','刘作','18623180866','房-大重庆','2019-01-04 07:00:42','2019-01-09 08:51:47','500105198605091817','汽车',400000,'2018-07-04',60,1,''),('23a3d4056fdb4787b0cfb8aa7abeb271','徐春阳','13668071448','房-大重庆','2019-01-04 07:00:42','2019-01-09 08:51:47','500229199107190012','车位',80000,'2018-07-06',60,1,''),('23a3d4056fdb4787b0cfb8aa7abeb272','唐继文','13320832053','房-大重庆','2019-01-04 07:00:42','2019-01-09 08:51:47','513029196103070013','车位',80000,'2018-07-06',36,1,''),('23a3d4056fdb4787b0cfb8aa7abeb273','黄瑞','18580316886','房-大重庆','2019-01-04 07:00:42','2019-01-09 08:51:47','420684198801061538','车位',110000,'2018-07-06',36,1,''),('23a3d4056fdb4787b0cfb8aa7abeb274','陈军杰','18623469963','房-大重庆','2019-01-04 07:00:42','2019-01-09 08:51:47','500101199208016919','车位',110000,'2018-07-06',36,1,''),('23a3d4056fdb4787b0cfb8aa7abeb275','周赵奎','17754911044','房-大重庆','2019-01-04 07:00:42','2019-01-09 08:51:47','510221198311196813','车位',100000,'2018-07-06',36,1,''),('23a3d4056fdb4787b0cfb8aa7abeb276','王琦','13272895997','房-大重庆','2019-01-04 07:00:42','2019-01-09 08:51:47','510223196603140049','车位',100000,'2018-07-09',36,1,''),('23a3d4056fdb4787b0cfb8aa7abeb277','向增军','13601240258','房-大重庆','2019-01-04 07:00:42','2019-01-09 08:51:47','500240198402295371','车位',110000,'2018-07-09',36,1,''),('23a3d4056fdb4787b0cfb8aa7abeb278','黄小清','18580191662','房-大重庆','2019-01-04 07:00:42','2019-01-09 08:51:47','500231198704205291','家装',129000,'2018-07-10',36,1,''),('23a3d4056fdb4787b0cfb8aa7abeb280','程华','13752847617','房-大重庆','2019-01-04 07:00:42','2019-01-09 08:51:47','510231197010111319','家装',200000,'2018-07-10',60,1,''),('23a3d4056fdb4787b0cfb8aa7abeb281','黄玉波','13983470426','房-大重庆','2019-01-04 07:00:42','2019-01-09 08:51:47','51022419790928111X','车位',100000,'2018-07-10',36,1,''),('23a3d4056fdb4787b0cfb8aa7abeb282','万春平','15802354051','房-大重庆','2019-01-04 07:00:42','2019-01-09 08:51:47','500239198702023743','车位',100000,'2018-07-10',60,1,''),('23a3d4056fdb4787b0cfb8aa7abeb283','盂诗','15823966461','房-大重庆','2019-01-04 07:00:42','2019-01-09 08:51:47','500234199009011923','车位',115000,'2018-07-11',60,1,''),('23a3d4056fdb4787b0cfb8aa7abeb284','陈硕','13101211363','房-大重庆','2019-01-04 07:00:42','2019-01-09 08:51:47','510802199104283015','车位',100000,'2018-07-11',36,1,''),('23a3d4056fdb4787b0cfb8aa7abeb285','蒋海川','13983887040','房-大重庆','2019-01-04 07:00:42','2019-01-09 08:51:47','500383198810117852','车位',100000,'2018-07-11',36,1,''),('23a3d4056fdb4787b0cfb8aa7abeb286','蒋刚','18623556748','房-大重庆','2019-01-04 07:00:42','2019-01-09 08:51:47','511023198712253674','车位',100000,'2018-07-11',36,1,''),('23a3d4056fdb4787b0cfb8aa7abeb287','刘星','17338684313','房-大重庆','2019-01-04 07:00:42','2019-01-09 08:51:47','500228199001107587','汽车',370000,'2018-07-11',36,1,''),('23a3d4056fdb4787b0cfb8aa7abeb288','张利红','13983892389','房-大重庆','2019-01-04 07:00:42','2019-01-09 08:51:47','51022119721109492X','汽车',430000,'2018-07-12',60,1,''),('23a3d4056fdb4787b0cfb8aa7abeb289','蒋跃明','13809406878','房-大重庆','2019-01-04 07:00:42','2019-01-09 08:51:47','510222197007214134','汽车',159000,'2018-07-12',60,1,''),('23a3d4056fdb4787b0cfb8aa7abeb290','邓吉斌','13983721048','房-大重庆','2019-01-04 07:00:42','2019-01-09 08:51:47','510224197206138392','车位',115000,'2018-07-12',60,1,''),('23a3d4056fdb4787b0cfb8aa7abeb291','梁华群','15922741979','房-大重庆','2019-01-04 07:00:42','2019-01-09 08:51:47','510224197905211122','车位',110000,'2018-07-12',60,1,''),('23a3d4056fdb4787b0cfb8aa7abeb292','刘员','18883403495','房-大重庆','2019-01-04 07:00:42','2019-01-09 08:51:47','500235198910138232','车位',110000,'2018-07-12',36,1,''),('23a3d4056fdb4787b0cfb8aa7abeb293','刘锐','18523973090','房-大重庆','2019-01-04 07:00:42','2019-01-09 08:51:47','500381199007159318','车位',110000,'2018-07-12',60,1,''),('23a3d4056fdb4787b0cfb8aa7abeb294','唐海军','13370771628','房-大重庆','2019-01-04 07:00:42','2019-01-09 08:51:47','421023198012032959','车位',100000,'2018-07-12',24,1,''),('23a3d4056fdb4787b0cfb8aa7abeb295','胡静','18580447721','重点行业','2019-01-04 07:00:42','2019-01-09 08:51:47','511623198807210020','车位',146000,'2018-07-16',36,1,''),('23a3d4056fdb4787b0cfb8aa7abeb296','李道刚','18423003333','房-大重庆','2019-01-04 07:00:42','2019-01-09 08:51:47','412801196908020833','汽车',370000,'2018-07-16',36,1,''),('23a3d4056fdb4787b0cfb8aa7abeb297','王小楼','13224002994','房-大重庆','2019-01-04 07:00:42','2019-01-09 08:51:47','500106198906298316','车位',80000,'2018-07-16',36,1,''),('23a3d4056fdb4787b0cfb8aa7abeb298','陈玥姣','13983124026','房-大重庆','2019-01-04 07:00:42','2019-01-09 08:51:47','500108198511260025','车位',50000,'2018-07-16',24,1,''),('23a3d4056fdb4787b0cfb8aa7abeb299','陈艳','15102387700','房-大重庆','2019-01-04 07:00:42','2019-01-09 08:51:47','512227197711192200','车位',99000,'2018-07-16',36,1,''),('23a3d4056fdb4787b0cfb8aa7abeb300','谢华','13697233555','房-大重庆','2019-01-04 07:00:42','2019-01-09 08:51:47','421081198211150660','车位',150000,'2018-07-16',60,1,''),('23a3d4056fdb4787b0cfb8aa7abeb301','丁维琴','15023379668','房-大重庆','2019-01-04 07:00:42','2019-01-09 08:51:47','500236198503223428','车位',90000,'2018-07-16',36,1,''),('23a3d4056fdb4787b0cfb8aa7abeb302','熊良松','18680637145','房-大重庆','2019-01-04 07:00:42','2019-01-09 08:51:47','500223198901208213','车位',50000,'2018-07-17',60,1,''),('23a3d4056fdb4787b0cfb8aa7abeb303','魏俊杰','13883479157','房-大重庆','2019-01-04 07:00:42','2019-01-09 08:51:47','500234198810115475','车位',99000,'2018-07-17',36,1,''),('23a3d4056fdb4787b0cfb8aa7abeb304','刘桃','17723668738','房-大重庆','2019-01-04 07:00:42','2019-01-09 08:51:47','510922198309094847','车位',110000,'2018-07-17',36,1,''),('23a3d4056fdb4787b0cfb8aa7abeb305','李滢菲','13667694925','房-大重庆','2019-01-04 07:00:42','2019-01-09 08:51:47','500103198909253827','车位',110000,'2018-07-17',60,1,''),('23a3d4056fdb4787b0cfb8aa7abeb306','刘玉联','18182257333','房-大重庆','2019-01-04 07:00:42','2019-01-09 08:51:47','500102198401157344','汽车',335000,'2018-07-17',60,1,''),('23a3d4056fdb4787b0cfb8aa7abeb307','徐廷勇','15102310619','房-大重庆','2019-01-04 07:00:42','2019-01-09 08:51:47','510232196811044816','汽车',68000,'2018-07-18',36,1,''),('23a3d4056fdb4787b0cfb8aa7abeb309','吕文倩','18623340126','房-大重庆','2019-01-04 07:00:42','2019-01-09 08:51:47','500103198611210322','车位',100000,'2018-07-19',36,1,''),('23a3d4056fdb4787b0cfb8aa7abeb310','许军','13399800029','房-大重庆','2019-01-04 07:00:42','2019-01-09 08:51:47','512926197511033098','车位',99000,'2018-07-19',36,1,''),('23a3d4056fdb4787b0cfb8aa7abeb311','李忠民','13996618718','房-大重庆','2019-01-04 07:00:42','2019-01-09 08:51:47','512221196410101392','车位',150000,'2018-07-19',60,1,''),('23a3d4056fdb4787b0cfb8aa7abeb312','刘畅','18585033839','房-大重庆','2019-01-04 07:00:42','2019-01-09 08:51:47','52010319900321001X','车位',115000,'2018-07-19',36,1,''),('23a3d4056fdb4787b0cfb8aa7abeb313','昊龙','13983386861','重点行业','2019-01-04 07:00:42','2019-01-09 08:51:47','500241198811200018','车位',149000,'2018-07-20',36,1,''),('23a3d4056fdb4787b0cfb8aa7abeb317','赵云','18623557910','公积金','2019-01-04 07:00:42','2019-01-09 08:51:47','510521198609105853','汽车',158000,'2018-07-23',36,1,''),('23a3d4056fdb4787b0cfb8aa7abeb319','杨兰','18523447701','高首付','2019-01-04 07:00:42','2019-01-09 08:51:47','500382199407016427','汽车',105000,'2018-07-24',36,1,''),('23a3d4056fdb4787b0cfb8aa7abeb321','陈良涛','13752998815','房-大重庆','2019-01-04 07:00:42','2019-01-09 08:51:47','370982198203130635','汽车',222000,'2018-07-24',36,1,''),('23a3d4056fdb4787b0cfb8aa7abeb323','李林','15223169097','房-大重庆','2019-01-04 07:00:42','2019-01-09 08:51:47','500112199202090850','车位',50000,'2018-07-24',36,1,''),('23a3d4056fdb4787b0cfb8aa7abeb324','陈琴','18223468205','房-大重庆','2019-01-04 07:00:42','2019-01-09 08:51:47','50010119911202720X','车位',100000,'2018-07-24',36,1,''),('23a3d4056fdb4787b0cfb8aa7abeb325','向建辉','18223236915','房-大重庆','2019-01-04 07:00:42','2019-01-09 08:51:47','500234198310060236','车位',70000,'2018-07-24',36,1,''),('23a3d4056fdb4787b0cfb8aa7abeb326','黄鑫','18223124642','房-大重庆','2019-01-04 07:00:42','2019-01-09 08:51:47','510681198805040913','车位',115000,'2018-07-25',36,1,''),('23a3d4056fdb4787b0cfb8aa7abeb327','宁熙','13818414983','房-大重庆','2019-01-04 07:00:42','2019-01-09 08:51:47','510212197607135015','车位',180000,'2018-07-25',36,1,''),('23a3d4056fdb4787b0cfb8aa7abeb329','周晓群','15902314665','房-大重庆','2019-01-04 07:00:42','2019-01-09 08:51:47','510226196611102148','汽车',290000,'2018-07-26',60,1,''),('23a3d4056fdb4787b0cfb8aa7abeb330','涂颖','13206166789','房-大重庆','2019-01-04 07:00:42','2019-01-09 08:51:47','500242199003051393','车位',160000,'2018-07-26',36,1,''),('23a3d4056fdb4787b0cfb8aa7abeb332','孙小笛','18810762128','名企','2019-01-04 07:00:42','2019-01-09 08:51:47','620103198509021514','车位',100000,'2018-07-26',36,1,''),('23a3d4056fdb4787b0cfb8aa7abeb333','彭勇','18523846872','房-大重庆','2019-01-04 07:00:42','2019-01-09 08:51:47','500106198312233515','汽车',220000,'2018-07-27',36,1,''),('23a3d4056fdb4787b0cfb8aa7abeb334','汪洋','13388980076','房-大重庆','2019-01-04 07:00:42','2019-01-09 08:51:47','510221197912281517','汽车',290000,'2018-07-27',60,1,''),('23a3d4056fdb4787b0cfb8aa7abeb336','李龙芸','18675505910','房-大重庆','2019-01-04 07:00:42','2019-01-09 08:51:47','421081199006180048','车位',100000,'2018-07-31',36,1,''),('23a3d4056fdb4787b0cfb8aa7abeb337','滕鹏展','13804300288','房-大重庆','2019-01-04 07:00:42','2019-01-09 08:51:47','232301197610060617','车位',57000,'2018-07-31',36,1,''),('23a3d4056fdb4787b0cfb8aa7abeb338','马璐杰','15310690070','房-大重庆','2019-01-04 07:00:42','2019-01-09 08:51:47','500113199102039421','汽车',165000,'2018-07-31',60,1,''),('23a3d4056fdb4787b0cfb8aa7abeb340','陈美英','18190766192','房-大重庆','2019-01-04 07:00:42','2019-01-09 08:51:47','500235198407197526','汽车',445000,'2018-08-02',60,1,''),('23a3d4056fdb4787b0cfb8aa7abeb341','黄全风','15825980271','房-大重庆','2019-01-04 07:00:42','2019-01-09 08:51:47','512227197609254428','汽车',800000,'2018-08-06',36,1,''),('23a3d4056fdb4787b0cfb8aa7abeb342','唐毅','18602397766','房-大重庆','2019-01-04 07:00:42','2019-01-09 08:51:47','512921197410013790','汽车',360000,'2018-08-08',60,1,''),('23a3d4056fdb4787b0cfb8aa7abeb343','汪国强','18580578099','房-大重庆','2019-01-04 07:00:42','2019-01-09 08:51:47','510521198010074413','汽车',350000,'2018-08-09',60,1,''),('23a3d4056fdb4787b0cfb8aa7abeb344','纪风雷','13210911888','公积金','2019-01-04 07:00:42','2019-01-09 08:51:47','232332198005050014','汽车',151000,'2018-08-15',24,1,''),('23a3d4056fdb4787b0cfb8aa7abeb345','李晓全','13399892081','房-大重庆','2019-01-04 07:00:42','2019-01-09 08:51:47','512224197102225418','家装',110000,'2018-08-15',60,1,''),('23a3d4056fdb4787b0cfb8aa7abeb346','刘兴菊','13632924660','房-大重庆','2019-01-04 07:00:42','2019-01-09 08:51:47','51232219721012246X','车位',139000,'2018-08-15',60,1,''),('23a3d4056fdb4787b0cfb8aa7abeb347','周婧','13617673969','房-大重庆','2019-01-04 07:00:42','2019-01-09 08:51:47','500103198803204728','车位',130000,'2018-08-16',48,1,''),('23a3d4056fdb4787b0cfb8aa7abeb348','邹艳','15025658788','房-大重庆','2019-01-04 07:00:42','2019-01-09 08:51:47','500234198511151505','汽车',300000,'2018-08-16',36,1,''),('23a3d4056fdb4787b0cfb8aa7abeb349','秦强','18523955883','房-大重庆','2019-01-04 07:00:42','2019-01-09 08:51:47','500382198902168837','汽车',339000,'2018-08-16',60,1,''),('23a3d4056fdb4787b0cfb8aa7abeb350','任兴','13436098651','验证资产','2019-01-04 07:00:42','2019-01-09 08:51:47','500102199609027009','汽车',55000,'2018-08-16',36,1,''),('23a3d4056fdb4787b0cfb8aa7abeb351','陈丽','18183098871','房-大重庆','2019-01-04 07:00:42','2019-01-09 08:51:47','511204198201080224','汽车',790000,'2018-08-17',60,1,''),('23a3d4056fdb4787b0cfb8aa7abeb352','汪燕','13368105760','房-大重庆','2019-01-04 07:00:42','2019-01-09 08:51:47','510221197903140026','汽车',210000,'2018-08-20',60,1,''),('23a3d4056fdb4787b0cfb8aa7abeb353','余飞扬','13290066558','房-大重庆','2019-01-04 07:00:42','2019-01-09 08:51:47','510321199502214770','汽车',150000,'2018-08-20',60,1,''),('23a3d4056fdb4787b0cfb8aa7abeb354','朱小银','18716267940','房-大重庆','2019-01-04 07:00:42','2019-01-09 08:51:47','410224198110273216','汽车',395000,'2018-08-20',60,1,''),('23a3d4056fdb4787b0cfb8aa7abeb356','班海军','15223163177','房-大重庆','2019-01-04 07:00:42','2019-01-09 08:51:47','371521198504090039','车位',170000,'2018-08-21',36,1,''),('23a3d4056fdb4787b0cfb8aa7abeb357','熊春艳','15086834399','房-大重庆','2019-01-04 07:00:42','2019-01-09 08:51:47','500382198601261384','汽车',185000,'2018-08-22',60,1,''),('23a3d4056fdb4787b0cfb8aa7abeb359','黄涛','13206255655','验证资产','2019-01-04 07:00:42','2019-01-09 08:51:47','500233199105040330','汽车',127000,'2018-08-23',36,1,''),('23a3d4056fdb4787b0cfb8aa7abeb362','冉旭峰','17320487167','房-大重庆','2019-01-04 07:00:42','2019-01-09 08:51:47','500107199605125332','汽车',72000,'2018-08-28',36,1,''),('23a3d4056fdb4787b0cfb8aa7abeb363','程小红','13883328721','社保缴费','2019-01-04 07:00:42','2019-01-09 08:51:47','500231198707216041','汽车',640000,'2018-08-28',60,1,''),('23a3d4056fdb4787b0cfb8aa7abeb364','黄雪','18623115112','房-大重庆','2019-01-04 07:00:42','2019-01-09 08:51:47','452223198808260524','汽车',790000,'2018-08-29',60,1,''),('23a3d4056fdb4787b0cfb8aa7abeb365','刘贤君','17823588088','房-大重庆','2019-01-04 07:00:42','2019-01-09 08:51:47','500231198901017572','汽车',250000,'2018-08-29',36,1,''),('23a3d4056fdb4787b0cfb8aa7abeb366','程欣','13983170465','房-大重庆','2019-01-04 07:00:42','2019-01-09 08:51:47','510219198306016716','汽车',440000,'2018-08-29',36,1,''),('23a3d4056fdb4787b0cfb8aa7abeb369','赵宝军','13996210758','公务员','2019-01-04 07:00:42','2019-01-09 08:51:47','612723198410250438','汽车',120000,'2018-08-31',18,1,''),('23a3d4056fdb4787b0cfb8aa7abeb370','张宫皓','13594080256','重点行业','2019-01-04 07:00:42','2019-01-09 08:51:47','500106198410100812','汽车衍生品',7000,'2018-08-31',36,1,''),('23a3d4056fdb4787b0cfb8aa7abeb372','葛松林','18580812331','房-大重庆','2019-01-04 07:00:42','2019-01-09 08:51:47','50023719920812791X','汽车',120000,'2018-08-31',60,1,''),('23a3d4056fdb4787b0cfb8aa7abeb373','涂运输','18983943279','房-大重庆','2019-01-04 07:00:42','2019-01-09 08:51:47','510226196401014537','汽车',490000,'2018-08-31',36,1,''),('23a3d4056fdb4787b0cfb8aa7abeb374','庞希','13883356800','房-大重庆','2019-01-04 07:00:42','2019-01-09 08:51:47','510202198206046523','汽车',295000,'2018-08-31',60,1,''),('23a3d4056fdb4787b0cfb8aa7abeb375','向宇','15123635015','房-大重庆','2019-01-04 07:00:42','2019-01-09 08:51:47','500102199508273139','汽车',206000,'2018-08-31',60,1,''),('23a3d4056fdb4787b0cfb8aa7abeb376','肖勇','13512332688','房-大重庆','2019-01-04 07:00:42','2019-01-09 08:51:47','510202196603050017','汽车',190000,'2018-08-31',36,1,''),('23a3d4056fdb4787b0cfb8aa7abeb377','龙幼琳','18623629975','房-大重庆','2019-01-04 07:00:42','2019-01-09 08:51:47','51021419750905402X','汽车',207000,'2018-08-31',36,1,''),('23a3d4056fdb4787b0cfb8aa7abeb378','贺雪燕','15823324255','房-大重庆','2019-01-04 07:00:42','2019-01-09 08:51:47','510214197510250845','汽车',150000,'2018-09-17',36,1,''),('23a3d4056fdb4787b0cfb8aa7abeb379','史强','16619924992','验证资产','2019-01-04 07:00:42','2019-01-09 08:51:47','500106199201318318','汽车',56000,'2018-09-04',24,1,''),('23a3d4056fdb4787b0cfb8aa7abeb380','张彬','13637911379','事业单位','2019-01-04 07:00:42','2019-01-09 08:51:47','512301197312282235','汔车',164000,'2018-09-05',36,1,''),('23a3d4056fdb4787b0cfb8aa7abeb382','汪智龙','15111941962','房-大重庆','2019-01-04 07:00:42','2019-01-09 08:51:47','500228199112155899','汽车',100000,'2018-09-07',36,1,''),('23a3d4056fdb4787b0cfb8aa7abeb383','周昌彦','13509414117','房-大重庆','2019-01-04 07:00:42','2019-01-09 08:51:47','500382198601173050','汽车',83000,'2018-09-07',36,1,''),('23a3d4056fdb4787b0cfb8aa7abeb386','倪海桔','17725108560','社保缴费','2019-01-04 07:00:42','2019-01-09 08:51:47','500232199210246940','汽车',130000,'2018-09-11',60,1,''),('23a3d4056fdb4787b0cfb8aa7abeb387','李发崽','15111894259','房-大重庆','2019-01-04 07:00:42','2019-01-09 08:51:47','510225197312145840','汽车',134000,'2018-09-12',24,1,''),('23a3d4056fdb4787b0cfb8aa7abeb388','陈开友','18696533133','房-大重庆','2019-01-04 07:00:42','2019-01-09 08:51:47','511020197211088314','汔车',130000,'2018-09-13',36,1,''),('23a3d4056fdb4787b0cfb8aa7abeb390','梁清','13018333093','房-大重庆','2019-01-04 07:00:42','2019-01-09 08:51:47','500229198809284465','汽车',440000,'2018-09-14',36,1,''),('23a3d4056fdb4787b0cfb8aa7abeb392','杨静','15683251815','房-大重庆','2019-01-04 07:00:42','2019-01-09 08:51:47','510222197807277221','汽车',147000,'2018-09-17',36,1,''),('23a3d4056fdb4787b0cfb8aa7abeb394','唐庭正','15736040723','房-大重庆','2019-01-04 07:00:42','2019-01-09 08:51:47','5002261984L005153X','汽车',160000,'2018-09-17',36,1,''),('23a3d4056fdb4787b0cfb8aa7abeb396','涂艳','13678424211','房-大重庆','2019-01-04 07:00:42','2019-01-09 08:51:47','510281198303317749','汽车',166000,'2018-09-17',36,1,''),('23a3d4056fdb4787b0cfb8aa7abeb397','钟景志','13883078437','房-大重庆','2019-01-04 07:00:42','2019-01-09 08:51:47','510229197302011182','汽车',85000,'2018-09-17',60,1,''),('23a3d4056fdb4787b0cfb8aa7abeb398','练君','18084093168','房-大重庆','2019-01-04 07:00:42','2019-01-09 08:51:47','500224198708175452','汽车',350000,'2018-09-17',60,1,''),('23a3d4056fdb4787b0cfb8aa7abeb399','胡婷婷','15213647706','房-大重庆','2019-01-04 07:00:42','2019-01-09 08:51:47','50023119920512212X','汽车',200000,'2018-09-17',60,1,''),('23a3d4056fdb4787b0cfb8aa7abeb400','严道明','18696950188','房-大重庆','2019-01-04 07:00:42','2019-01-09 08:51:47','512324196907192896','汽车',189000,'2018-09-18',36,1,''),('23a3d4056fdb4787b0cfb8aa7abeb402','都增延','13983125611','房-大重庆','2019-01-04 07:00:42','2019-01-09 08:51:47','630102198005132013','汽车',90000,'2018-09-18',36,1,''),('23a3d4056fdb4787b0cfb8aa7abeb403','吴成志','13452028200','房-大重庆','2019-01-04 07:00:42','2019-01-09 08:51:47','510202197002242931','汽车',60000,'2018-09-19',36,1,''),('23a3d4056fdb4787b0cfb8aa7abeb404','刘绍润','15223373361','房-大重庆','2019-01-04 07:00:42','2019-01-09 08:51:47','510224197012065893','汽车',109000,'2018-09-19',36,1,''),('23a3d4056fdb4787b0cfb8aa7abeb405','杨忠坚','18225193768','房-大重庆','2019-01-04 07:00:42','2019-01-09 08:51:47','512323196711247414','汽车',320000,'2018-09-19',60,1,''),('23a3d4056fdb4787b0cfb8aa7abeb406','曹钟莲','13808389177','房-大重庆','2019-01-04 07:00:42','2019-01-09 08:51:47','510225197605291964','汽车',630000,'2018-09-20',36,1,''),('23a3d4056fdb4787b0cfb8aa7abeb407','刘巧宁','13908374151','房-大重庆','2019-01-04 07:00:42','2019-01-09 08:51:47','510212197703095025','汽车',790000,'2018-09-20',36,1,''),('23a3d4056fdb4787b0cfb8aa7abeb410','陈俊','15683520938','房-大重庆','2019-01-04 07:00:42','2019-01-09 08:51:47','500233199101126428','汽车',125000,'2018-09-20',36,1,''),('23a3d4056fdb4787b0cfb8aa7abeb411','杨子坤','13527400863','房-大重庆','2019-01-04 07:00:42','2019-01-09 08:51:47','510222196910138110','汽车',57000,'2018-09-20',36,1,''),('23a3d4056fdb4787b0cfb8aa7abeb412','周殿','18723308757','社保缴费','2019-01-04 07:00:42','2019-01-09 08:51:47','500242198707190733','汽车',62000,'2018-09-20',36,1,''),('23a3d4056fdb4787b0cfb8aa7abeb413','赵吉权','13618275588','房-大重庆','2019-01-04 07:00:42','2019-01-09 08:51:47','510228196803272857','汽车',530000,'2018-09-21',36,1,''),('23a3d4056fdb4787b0cfb8aa7abeb414','应松','18983337333','房-大重庆','2019-01-04 07:00:42','2019-01-09 08:51:47','500232198506170979','汽车',790000,'2018-09-21',36,1,''),('23a3d4056fdb4787b0cfb8aa7abeb415','肖潇','13983740800','重点行业','2019-01-04 07:00:42','2019-01-09 08:51:47','430726198706210025','客群',290000,'2018-09-26',60,1,''),('23a3d4056fdb4787b0cfb8aa7abeb417','陈映安','13637865745','房-大重庆','2019-01-04 07:00:42','2019-01-09 08:51:47','510213197301065313','汽车',180000,'2018-09-21',60,1,''),('23a3d4056fdb4787b0cfb8aa7abeb418','张铁','18996121872','房-大重庆','2019-01-04 07:00:42','2019-01-09 08:51:47','510228197707120014','车位',150000,'2018-09-21',36,1,''),('23a3d4056fdb4787b0cfb8aa7abeb419','高菡','18723315865','房-大重庆','2019-01-04 07:00:42','2019-01-09 08:51:47','500103198701222124','车位',140000,'2018-09-21',36,1,''),('23a3d4056fdb4787b0cfb8aa7abeb420','熊虎健','15023396462','房-大重庆','2019-01-04 07:00:42','2019-01-09 08:51:47','500230198609263008','车位',300000,'2018-09-21',36,1,''),('23a3d4056fdb4787b0cfb8aa7abeb421','熊晓凤','18602380063','社保缴费','2019-01-04 07:00:42','2019-01-09 08:51:47','500381198610309427','汽车',90000,'2018-09-21',36,1,''),('23a3d4056fdb4787b0cfb8aa7abeb422','李苗苗','13883402104','优','2019-01-04 07:00:42','2019-01-09 08:51:47','332526198704156720','车位',88300,'2018-09-21',48,1,''),('23a3d4056fdb4787b0cfb8aa7abeb423','吴晓','17723154039','房-大重庆','2019-01-04 07:00:42','2019-01-09 08:51:47','511223198305220024','车位',160000,'2018-09-25',36,1,''),('23a3d4056fdb4787b0cfb8aa7abeb425','田文畴','13883499338','事业单位','2019-01-04 07:00:42','2019-01-09 08:51:47','513524196908041151','车位',135827,'2018-09-25',36,1,''),('23a3d4056fdb4787b0cfb8aa7abeb426','余世方','13637903984','房-大重庆','2019-01-04 07:00:42','2019-01-09 08:51:47','512301197311234768','汽车',127000,'2018-09-25',36,1,''),('23a3d4056fdb4787b0cfb8aa7abeb427','余鑫源','18580282300','验证资产','2019-01-04 07:00:42','2019-01-09 08:51:47','510781198908239349','汽车',57000,'2018-09-25',36,1,''),('23a3d4056fdb4787b0cfb8aa7abeb428','张伟','18983755306','事业单位','2019-01-04 07:00:42','2019-01-09 08:51:47','500242198709041395','汽车',70000,'2018-09-25',36,1,''),('23a3d4056fdb4787b0cfb8aa7abeb429','胡蓉','18223203050','房-大重庆','2019-01-04 07:00:42','2019-01-09 08:51:47','500233198908054424','汽车',280000,'2018-09-25',36,1,''),('23a3d4056fdb4787b0cfb8aa7abeb430','尹瑟露','13330270427','房-大重庆','2019-01-04 07:00:42','2019-01-09 08:51:47','500105198404271838','汽车',790000,'2018-09-25',36,1,''),('23a3d4056fdb4787b0cfb8aa7abeb431','赵博文','15730017762','房-大重庆','2019-01-04 07:00:42','2019-01-09 08:51:47','500107199705175337','汽车',463000,'2018-09-26',60,1,''),('23a3d4056fdb4787b0cfb8aa7abeb434','张永斌','13452073918','房-大重庆','2019-01-04 07:00:42','2019-01-09 08:51:47','510222197407022131','汽车',80000,'2018-09-26',60,1,''),('23a3d4056fdb4787b0cfb8aa7abeb435','陈茜','13206205423','公务员','2019-01-04 07:00:42','2019-01-09 08:51:47','500104198711090029','汽车',62000,'2018-09-26',24,1,''),('23a3d4056fdb4787b0cfb8aa7abeb436','肖淋文','15102359811','房-大重庆','2019-01-04 07:00:42','2019-01-09 08:51:47','511623199203104432','汽车',190000,'2018-09-26',36,1,''),('23a3d4056fdb4787b0cfb8aa7abeb437','唐卫东','13452626866','房-大重庆','2019-01-04 07:00:42','2019-01-09 08:51:47','50022819861118637X','汽车',350000,'2018-09-27',60,1,''),('23a3d4056fdb4787b0cfb8aa7abeb438','曾丽','15123239178','房-大重庆','2019-01-04 07:00:42','2019-01-09 08:51:47','513701199102275223','汽车',240000,'2018-09-27',60,1,''),('23a3d4056fdb4787b0cfb8aa7abeb439','卢思汝','13983730883','房-大重庆','2019-01-04 07:00:42','2019-01-09 08:51:47','510202198209206529','汽车',282000,'2018-09-28',36,1,''),('23a3d4056fdb4787b0cfb8aa7abeb440','邓磊','13617690313','公务员','2019-01-04 07:00:42','2019-01-09 08:51:47','510202197903280919','客群',128000,'2018-09-28',36,1,''),('23a3d4056fdb4787b0cfb8aa7abeb441','袁新军','15223262618','代发','2019-01-04 07:00:42','2019-01-09 08:51:47','51122419830808049X','客群',200000,NULL,60,1,''),('23a3d4056fdb4787b0cfb8aa7abeb442','朱艳妮','15923988661','房-大重庆','2019-01-04 07:00:42','2019-01-09 08:51:47','00010719940507792X','汽车',170000,'2018-09-29',60,1,''),('23a3d4056fdb4787b0cfb8aa7abeb443','任永会','15334566583','房-大重庆','2019-01-04 07:00:42','2019-01-09 08:51:47','510223196712175128','汽车',246000,'2018-09-29',60,1,''),('23a3d4056fdb4787b0cfb8aa7abeb444','张兴林','18696639350','有车','2019-01-04 07:00:42','2019-01-09 08:51:47','500221198707082714','汽车',180000,'2018-09-29',36,1,''),('23a3d4056fdb4787b0cfb8aa7abeb446','高德华','18696693400','有车','2019-01-04 07:00:42','2019-01-09 08:51:47','500226198901231122','汽车',217000,'2018-09-29',36,1,''),('23a3d4056fdb4787b0cfb8aa7abeb448','刘夕敏','18680736621','有车','2019-01-04 07:00:42','2019-01-09 08:51:47','500221198612296621','汽车',407000,'2018-10-08',60,1,''),('23a3d4056fdb4787b0cfb8aa7abeb449','吴秀亮','13272616883','高首付','2019-01-04 07:00:42','2019-01-09 08:51:47','500113198404269412','汽车',91000,'2018-10-09',36,1,''),('23a3d4056fdb4787b0cfb8aa7abeb451','凌冲','13364034892','房','2019-01-04 07:00:42','2019-01-09 08:51:47','500381199105193616','汽车',136000,'2018-10-09',36,1,''),('23a3d4056fdb4787b0cfb8aa7abeb452','杨柳','13983990006','房-大重庆','2019-01-04 07:00:42','2019-01-09 08:51:47','510202198012117012','汽车',330000,'2018-10-09',60,1,''),('23a3d4056fdb4787b0cfb8aa7abeb453','曾丽琴','15869976677','房-大重庆','2019-01-04 07:00:42','2019-01-09 08:51:47','431122198610056126','汽车',540000,'2018-10-10',60,1,''),('23a3d4056fdb4787b0cfb8aa7abeb455','黄秀娟','15320535290','事业单位','2019-01-04 07:00:42','2019-01-09 08:51:47','510219198010049447','汽车',230000,'2018-10-12',36,1,''),('23a3d4056fdb4787b0cfb8aa7abeb456','陈国虹','17783621134','房-大重庆','2019-01-04 07:00:42','2019-01-09 08:51:47','500229198510273729','汽车',770000,'2018-10-12',60,1,''),('23a3d4056fdb4787b0cfb8aa7abeb458','郭飞','15823930543','房-大重庆','2019-01-04 07:00:42','2019-01-09 08:51:47','500224198705118233','汽车',170000,'2018-10-16',36,1,''),('23a3d4056fdb4787b0cfb8aa7abeb459','蒲英','18908373207','房-大重庆','2019-01-04 07:00:42','2019-01-09 08:51:47','510823197804275879','汽车',90000,'2018-10-16',36,1,''),('23a3d4056fdb4787b0cfb8aa7abeb460','刘冲','15123149586','验证资产','2019-01-04 07:00:42','2019-01-09 08:51:47','500221199510052313','汽车',100000,'2018-10-16',24,1,''),('23a3d4056fdb4787b0cfb8aa7abeb461','卢莉','13637816329','验资','2019-01-04 07:00:42','2019-01-09 08:51:47','500222199407137729','汽车',127000,'2018-10-16',36,1,''),('23a3d4056fdb4787b0cfb8aa7abeb462','吴泰颖','13808361346','房-大重庆','2019-01-04 07:00:42','2019-01-09 08:51:47','510202198001254724','汽车',56000,'2018-10-16',60,1,''),('23a3d4056fdb4787b0cfb8aa7abeb463','付山晓','18983365339','房-大重庆','2019-01-04 07:00:42','2019-01-09 08:51:47','362201199108024218','汽车',182000,'2018-10-16',36,1,''),('23a3d4056fdb4787b0cfb8aa7abeb465','陈欢','17192190023','事业单位','2019-01-04 07:00:42','2019-01-09 08:51:47','50022119920527661X','汽车',103000,'2018-10-16',36,1,''),('23a3d4056fdb4787b0cfb8aa7abeb468','刘丹','13452074634','社保缴费','2019-01-04 07:00:42','2019-01-09 08:51:47','51022119770728062X','汽车',56000,'2018-10-17',24,1,''),('23a3d4056fdb4787b0cfb8aa7abeb469','刘莉苹','17723899357','房-大重庆','2019-01-04 07:00:42','2019-01-09 08:51:47','500230199506287722','汽车',61000,'2018-10-18',36,1,''),('23a3d4056fdb4787b0cfb8aa7abeb470','耿莹','18502341071','代发','2019-01-04 07:00:42','2019-01-09 08:51:47','321283198609171429','汽车',138000,'2018-10-18',36,1,''),('23a3d4056fdb4787b0cfb8aa7abeb472','彭涛','15723450495','房-大重庆','2019-01-04 07:00:42','2019-01-09 08:51:47','500107198610317318','汽车',57000,'2018-10-22',36,1,''),('23a3d4056fdb4787b0cfb8aa7abeb477','李开亮','13206066098','房-大重庆','2019-01-04 07:00:42','2019-01-09 08:51:47','510213198005294415','汽车',57000,'2018-10-20',36,1,''),('23a3d4056fdb4787b0cfb8aa7abeb478','周莉','13996799120','验资','2019-01-04 07:00:42','2019-01-09 08:51:47','500384198911150324','汽车',54000,'2018-10-25',36,1,''),('23a3d4056fdb4787b0cfb8aa7abeb480','黄泉','13752861437','公积金','2019-01-04 07:00:42','2019-01-09 08:51:47','362334198707253715','汽车',198000,'2018-10-29',36,1,''),('23a3d4056fdb4787b0cfb8aa7abeb482','杨豪胜','15310338337','验资','2019-01-04 07:00:42','2019-01-09 08:51:47','500242198910093613','汽车',100000,'2018-10-29',36,1,''),('23a3d4056fdb4787b0cfb8aa7abeb483','李红亮','18623390412','房-大重庆','2019-01-04 07:00:42','2019-01-09 08:51:47','532527198704121732','汽车',100000,'2018-10-29',36,1,''),('23a3d4056fdb4787b0cfb8aa7abeb484','周婷婷','18723463321','房-大重庆','2019-01-04 07:00:42','2019-01-09 08:51:47','500104199412232423','汽车',120000,'2018-10-29',24,1,''),('23a3d4056fdb4787b0cfb8aa7abeb485','张琴','13996199023','社保缴费','2019-01-04 07:00:42','2019-01-09 08:51:47','51021219811205252X','汽车',135000,'2018-10-29',36,1,''),('23a3d4056fdb4787b0cfb8aa7abeb486','高斌','17783372875','社保缴费','2019-01-04 07:00:42','2019-01-09 08:51:47','513122198805102737','汽车',98000,'2018-10-30',24,1,''),('23a3d4056fdb4787b0cfb8aa7abeb488','蔡思文','18523672699','高首付','2019-01-04 07:00:42','2019-01-09 08:51:47','512322197902123391','汽车',115000,'2018-10-31',24,1,''),('23a3d4056fdb4787b0cfb8aa7abeb490','徐明山','18580584332','验资','2019-01-04 07:00:42','2019-01-09 08:51:47','50022819871002419X','汽车',100000,'2018-10-31',36,1,''),('23a3d4056fdb4787b0cfb8aa7abeb492','曾明','15808033958','房-大重庆','2019-01-04 07:00:42','2019-01-09 08:51:47','511023196810215314','汽车',140000,'2018-11-06',36,1,''),('23a3d4056fdb4787b0cfb8aa7abeb495','饶兵','13983098993','高首付','2019-01-04 07:00:42','2019-01-09 08:51:47','510212197106035411','汽车',115000,'2018-11-12',36,1,''),('23a3d4056fdb4787b0cfb8aa7abeb498','马熔穗','18223351976','社保缴费','2019-01-04 07:00:42','2019-01-09 08:51:47','513022199010010184','汽车',100000,'2018-11-15',24,1,''),('23a3d4056fdb4787b0cfb8aa7abeb500','廖兴建','13983488980','房-大重庆','2019-01-04 07:00:42','2019-01-09 08:51:47','500107198402258966','车位',100000,'2018-11-20',36,1,''),('23a3d4056fdb4787b0cfb8aa7abeb501','尚俊杰','18580893122','房贷','2019-01-04 07:00:42','2019-01-09 08:51:47','412724198304037974','车位',98000,'2018-11-20',36,1,''),('23a3d4056fdb4787b0cfb8aa7abeb502','刘怡','13983961119','房-大重庆','2019-01-04 07:00:42','2019-01-09 08:51:47','510283197908220227','车位',100000,'2018-11-20',36,1,''),('23a3d4056fdb4787b0cfb8aa7abeb503','段罗福','13140316172','社保缴费','2019-01-04 07:00:42','2019-01-09 08:51:47','500381198906242022','汽车',57000,'2018-11-20',24,1,''),('23a3d4056fdb4787b0cfb8aa7abeb504','李小验','13637905450','验资','2019-01-04 07:00:42','2019-01-09 08:51:47','500222199501076934','汽车',61000,'2018-11-21',36,1,''),('23a3d4056fdb4787b0cfb8aa7abeb505','韩丽','18983262130','普通','2019-01-04 07:00:42','2019-01-09 08:51:47','511621198812101387','车位',100000,'2018-11-21',36,1,''),('23a3d4056fdb4787b0cfb8aa7abeb508','唐松','18602316570','房-大重庆','2019-01-04 07:00:42','2019-01-09 08:51:47','500224199202040336','汽车',100000,'2018-11-28',24,1,''),('23a3d4056fdb4787b0cfb8aa7abeb509','田庄','15123379417','验资','2019-01-04 07:00:42','2019-01-09 08:51:47','500107199201118339','汽车',50000,'2018-11-29',36,1,''),('23a3d4056fdb4787b0cfb8aa7abeb510','何文锋','15723633960','社保缴费','2019-01-04 07:00:42','2019-01-09 08:51:47','500230199103121218','汽车',100000,'2018-11-23',24,1,''),('23a3d4056fdb4787b0cfb8aa7abeb511','张凯','18294994908','验资','2019-01-04 07:00:42','2019-01-09 08:51:47','62042119911201001X','汽车',125000,'2018-11-23',36,1,''),('23a3d4056fdb4787b0cfb8aa7abeb512','屈俊','15802352267','房-大重庆','2019-01-04 07:00:42','2019-01-09 08:51:47','51028319800829919X','汽车',100000,'2018-12-03',36,1,''),('23a3d4056fdb4787b0cfb8aa7abeb516','刘学','13436165589','验资','2019-01-04 07:00:42','2019-01-09 08:51:47','500106198701240815','汽车',125000,'2018-12-07',36,1,''),('23a3d4056fdb4787b0cfb8aa7abeb517','谭政权','15025580822','验资','2019-01-04 07:00:42','2019-01-09 08:51:47','500101199105128715','汽车',70000,'2018-12-12',36,1,''),('23a3d4056fdb4787b0cfb8aa7abeb518','黄虎章','17383104913','验资','2019-01-04 07:00:42','2019-01-09 08:51:47','513701198702101716','汽车',112800,'2018-12-13',48,1,''),('23a3d4056fdb4787b0cfb8aa7abeb519','程婷','18580630796','房-大重庆','2019-01-04 07:00:42','2019-01-09 08:51:47','500221199101011262','汽车',98000,'2018-12-17',48,1,''),('23a3d4056fdb4787b0cfb8aa7abeb525','旷连勤','13368355460','优','2019-01-04 07:00:42','2019-01-09 08:51:47','510230198211010723','家装',250000,'2017-04-01',36,1,''),('23a3d4056fdb4787b0cfb8aa7abeb545','王翔','13667686869','公积金','2019-01-04 07:00:42','2019-01-09 08:51:47','510215198201042314','家装',60000,'2017-06-15',60,1,''),('23a3d4056fdb4787b0cfb8aa7abeb548','刘婧','18580505829','优','2019-01-04 07:00:42','2019-01-09 08:51:47','500107198608296000','家装',50000,'2017-07-20',36,1,''),('23a3d4056fdb4787b0cfb8aa7abeb558','吕红艳','13608312656','优','2019-01-04 07:00:42','2019-01-09 08:51:47','510921198603050347','家装',150000,'2018-01-17',36,1,''),('23a3d4056fdb4787b0cfb8aa7abeb562','李江波','13228689828','优','2019-01-04 07:00:42','2019-01-09 08:51:47','610124198110023673','家装',100000,'2018-01-31',36,1,''),('23a3d4056fdb4787b0cfb8aa7abeb570','何长江','13224919395','优','2019-01-04 07:00:42','2019-01-09 08:51:47','500101199110025534','他个人消费',60000,'2018-03-26',36,1,''),('23a3d4056fdb4787b0cfb8aa7abeb571','蔡峰','13527559719','优','2019-01-04 07:00:42','2019-01-09 08:51:47','420502197102190053','家装',260000,'2018-03-27',36,1,''),('23a3d4056fdb4787b0cfb8aa7abeb576','许晓霞','13708336446','房-大重庆','2019-01-04 07:00:42','2019-01-09 08:51:47','500231198410136024','家装',130000,'2018-04-11',60,1,''),('23a3d4056fdb4787b0cfb8aa7abeb578','吴江','13290077333','优','2019-01-04 07:00:42','2019-01-09 08:51:47','510215198206051658','家装',180000,'2018-04-26',36,1,'');
/*!40000 ALTER TABLE `sms_client` ENABLE KEYS */;
UNLOCK TABLES;

--
-- Table structure for table `sms_content`
--

DROP TABLE IF EXISTS `sms_content`;
/*!40101 SET @saved_cs_client     = @@character_set_client */;
/*!40101 SET character_set_client = utf8 */;
CREATE TABLE `sms_content` (
  `id` varchar(32) NOT NULL,
  `c_id` varchar(32) NOT NULL COMMENT '短信客户id',
  `template_id` varchar(32) DEFAULT NULL COMMENT '短信模板id',
  `content` varchar(512) DEFAULT NULL COMMENT '短信内容',
  `status` int(11) DEFAULT NULL COMMENT '1：发送成功 2：发送失败',
  `remark` varchar(128) DEFAULT NULL COMMENT '备注',
  `created` timestamp NOT NULL DEFAULT CURRENT_TIMESTAMP,
  `updated` timestamp NOT NULL DEFAULT CURRENT_TIMESTAMP ON UPDATE CURRENT_TIMESTAMP,
  `msg` varchar(256) DEFAULT NULL COMMENT '短信响应消息',
  `sms_id` varchar(32) DEFAULT NULL COMMENT '短信平台返回id',
  PRIMARY KEY (`id`)
) ENGINE=InnoDB DEFAULT CHARSET=utf8;
/*!40101 SET character_set_client = @saved_cs_client */;

--
-- Dumping data for table `sms_content`
--

LOCK TABLES `sms_content` WRITE;
/*!40000 ALTER TABLE `sms_content` DISABLE KEYS */;
/*!40000 ALTER TABLE `sms_content` ENABLE KEYS */;
UNLOCK TABLES;

--
-- Table structure for table `sms_template`
--

DROP TABLE IF EXISTS `sms_template`;
/*!40101 SET @saved_cs_client     = @@character_set_client */;
/*!40101 SET character_set_client = utf8 */;
CREATE TABLE `sms_template` (
  `id` varchar(32) NOT NULL,
  `template_id` varchar(32) DEFAULT NULL COMMENT '短信模板id',
  `type` int(11) DEFAULT '0' COMMENT '短信类型 0:通知短信、5:会员服务短信（需企业认证）、4:验证码短信(此类型content内必须至少有一个参数{1})',
  `template_name` varchar(64) DEFAULT NULL,
  `autograph` varchar(32) DEFAULT NULL COMMENT '短信签名  如:雅典娜',
  `content` varchar(1000) DEFAULT NULL COMMENT '短信内容',
  `remark` varchar(256) DEFAULT NULL COMMENT '备注',
  `created` timestamp NOT NULL DEFAULT CURRENT_TIMESTAMP,
  `updated` timestamp NOT NULL DEFAULT CURRENT_TIMESTAMP ON UPDATE CURRENT_TIMESTAMP,
  PRIMARY KEY (`id`)
) ENGINE=InnoDB DEFAULT CHARSET=utf8 COMMENT='短信模板';
/*!40101 SET character_set_client = @saved_cs_client */;

--
-- Dumping data for table `sms_template`
--

LOCK TABLES `sms_template` WRITE;
/*!40000 ALTER TABLE `sms_template` DISABLE KEYS */;
INSERT INTO `sms_template` VALUES ('9fc03aa9be88413d963b46d96d2eb2cw','416905',5,'新年祝福','雅典娜智能家居','“享受轻松、时尚生活，减少生活管理压力”-雅典娜智慧生活，祝您2019新年快乐。退订回TD','会员服务模板','2019-01-03 03:26:43','2019-01-03 08:05:35');
/*!40000 ALTER TABLE `sms_template` ENABLE KEYS */;
UNLOCK TABLES;

--
-- Table structure for table `test`
--

DROP TABLE IF EXISTS `test`;
/*!40101 SET @saved_cs_client     = @@character_set_client */;
/*!40101 SET character_set_client = utf8 */;
CREATE TABLE `test` (
  `id` varchar(32) NOT NULL COMMENT '32位uuid',
  `name` varchar(32) DEFAULT NULL,
  `type` int(11) DEFAULT NULL COMMENT '类型',
  `created` datetime DEFAULT NULL,
  PRIMARY KEY (`id`)
) ENGINE=InnoDB DEFAULT CHARSET=utf8 COMMENT='测试表';
/*!40101 SET character_set_client = @saved_cs_client */;

--
-- Dumping data for table `test`
--

LOCK TABLES `test` WRITE;
/*!40000 ALTER TABLE `test` DISABLE KEYS */;
/*!40000 ALTER TABLE `test` ENABLE KEYS */;
UNLOCK TABLES;

--
-- Table structure for table `user_roles`
--

DROP TABLE IF EXISTS `user_roles`;
/*!40101 SET @saved_cs_client     = @@character_set_client */;
/*!40101 SET character_set_client = utf8 */;
CREATE TABLE `user_roles` (
  `role_id` varchar(32) NOT NULL,
  `user_id` varchar(32) NOT NULL,
  KEY `fk_user_roles_user_idx` (`user_id`),
  KEY `fk_user_roles_role_idx` (`role_id`),
  CONSTRAINT `fk_user_roles_role` FOREIGN KEY (`role_id`) REFERENCES `roles` (`id`) ON DELETE CASCADE ON UPDATE CASCADE,
  CONSTRAINT `fk_user_roles_user` FOREIGN KEY (`user_id`) REFERENCES `users` (`id`) ON DELETE CASCADE ON UPDATE CASCADE
) ENGINE=InnoDB DEFAULT CHARSET=utf8;
/*!40101 SET character_set_client = @saved_cs_client */;

--
-- Dumping data for table `user_roles`
--

LOCK TABLES `user_roles` WRITE;
/*!40000 ALTER TABLE `user_roles` DISABLE KEYS */;
/*!40000 ALTER TABLE `user_roles` ENABLE KEYS */;
UNLOCK TABLES;

--
-- Table structure for table `users`
--

DROP TABLE IF EXISTS `users`;
/*!40101 SET @saved_cs_client     = @@character_set_client */;
/*!40101 SET character_set_client = utf8 */;
CREATE TABLE `users` (
  `id` varchar(32) NOT NULL,
  `username` varchar(45) NOT NULL,
  `password` varchar(45) NOT NULL,
  `enable` bit(1) NOT NULL DEFAULT b'1',
  `remark` varchar(128) DEFAULT NULL,
  `created` timestamp NOT NULL DEFAULT CURRENT_TIMESTAMP,
  `updated` timestamp NOT NULL DEFAULT CURRENT_TIMESTAMP ON UPDATE CURRENT_TIMESTAMP,
  `com_id` varchar(32) DEFAULT NULL COMMENT '公司id --公司员工账号\n',
  `type` int(11) DEFAULT '2' COMMENT '类型（1装修队,2客户）（默认2）\n',
  PRIMARY KEY (`id`),
  UNIQUE KEY `id_UNIQUE` (`id`),
  UNIQUE KEY `username_UNIQUE` (`username`)
) ENGINE=InnoDB DEFAULT CHARSET=utf8;
/*!40101 SET character_set_client = @saved_cs_client */;

--
-- Dumping data for table `users`
--

LOCK TABLES `users` WRITE;
/*!40000 ALTER TABLE `users` DISABLE KEYS */;
INSERT INTO `users` VALUES ('0151231b083b46968d85cec429a4c955','11111101011','9F027B9EF65E7752D36FD0995C00AC7E','',NULL,'2019-04-01 01:46:46','2019-04-01 01:46:46','9406458f654b4a3aa380fa645ec66fbf',2),('034962e99ae243e3b21974ecade36632','18725727452','42CA24668E559AD14AD77F08AE17E05E','',NULL,'2019-03-15 08:15:17','2019-03-15 08:15:17','7a3a4a129de04edea45a2a92a44145e3',2),('0d0522b284dd4b27ae2b9eddc6942717','11111101015','0CF792946C0AFCF4CE5563707F3C68F7','',NULL,'2019-04-01 01:47:35','2019-04-01 01:47:35','9406458f654b4a3aa380fa645ec66fbf',2),('1a9db85d03cb4418a362bcdaeccf2163','12020202020','0DEE5220EB39588E9455D384A071A04B','',NULL,'2019-03-07 07:08:15','2019-03-07 07:08:15','9406458f654b4a3aa380fa645ec66fbf',2),('1c4132376fdd40b498813d9e73dabc0f','18324114850','E10ADC3949BA59ABBE56E057F20F883E','',NULL,'2019-03-08 03:54:59','2019-03-08 03:58:02','7016811896314fb9a64858b316e5834a',1),('42177c5f3fc04784bebf0e5f638e073f','14040404040','5D9181F3C7A0AF46D910BA6BA2891591','',NULL,'2019-03-08 01:12:52','2019-03-08 01:12:52','9406458f654b4a3aa380fa645ec66fbf',2),('522e13c97c6345ac9e09cff83df5491f','13896074124','E10ADC3949BA59ABBE56E057F20F883E','',NULL,'2019-03-06 03:03:51','2019-03-06 03:11:21','9406458f654b4a3aa380fa645ec66fbf',2),('58e06608fc1146cdb627f5a9f56b1f64','13883158859','E10ADC3949BA59ABBE56E057F20F883E','',NULL,'2019-03-06 08:41:18','2019-03-06 08:42:57','12a594a25cfa45b1a88396e8e022a476',1),('6a9a0642fc424d51bc64ad8c35e745ec','11111101012','0EFB96AB1EFFBA72D2D8E21EFFBB87B7','',NULL,'2019-04-01 01:46:58','2019-04-01 01:46:58','9406458f654b4a3aa380fa645ec66fbf',2),('70dd9d65fbe74db2a2b27f2cf83ed5f5','11111101014','B96847C820AC74DEBA7CCD5697DE214A','',NULL,'2019-04-01 01:47:22','2019-04-01 01:47:22','9406458f654b4a3aa380fa645ec66fbf',2),('852ab1a2eae24ab18bbeefc6bcc98bbb','13030303030','E10ADC3949BA59ABBE56E057F20F883E','',NULL,'2019-03-07 07:23:36','2019-03-07 07:24:12','9406458f654b4a3aa380fa645ec66fbf',2),('8dda5cf2bcd14ec0893e61f881f41232','11111101016','D23DFCC0A92B2A3E55C0335DA100E2B0','',NULL,'2019-04-01 01:51:00','2019-04-01 01:51:00','9406458f654b4a3aa380fa645ec66fbf',2),('a22cf4aba84a47959a5acee6e0fe598c','15320831347','E10ADC3949BA59ABBE56E057F20F883E','',NULL,'2019-03-14 01:41:41','2019-03-18 09:19:01','7016811896314fb9a64858b316e5834a',2),('a3f60b615813421fb14d887dcd2821d2','18623370279','35F3B6054379F990C3B37C2F1F02D543','',NULL,'2019-03-22 08:15:39','2019-03-22 08:15:39','c79a41bdc49541b6b54b06ac96afda02',2),('a7e515454c7d45b192893130216184f1','15050505050','E10ADC3949BA59ABBE56E057F20F883E','',NULL,'2019-03-08 03:59:29','2019-03-08 04:03:55','7016811896314fb9a64858b316e5834a',2),('aa6c8cd2ec3a4523ba8a06362dabce9d','10101010101','5C34159020B03E81C9AE7077282A2BD4','',NULL,'2019-03-06 02:53:10','2019-03-06 02:53:10','9406458f654b4a3aa380fa645ec66fbf',2),('ad050bb4b78a4a72b71ffb2ae72174ee','13243510188','EA6D5DC84510DFADF5941A3FCFA7A3DC','',NULL,'2019-03-06 09:14:10','2019-03-06 09:14:10','12a594a25cfa45b1a88396e8e022a476',2),('b85ddc744efe4fd5a7dcbf8f86a58a09','13167877180','E10ADC3949BA59ABBE56E057F20F883E','',NULL,'2019-03-06 08:43:47','2019-03-08 03:55:03','e7e2af3019204e389599e32a2bcb3e90',1),('bd5490c502d34b00a7cdb211ff4340ad','17070707070','EDD847EDE96CCA4711EC9640ACBBCCF1','',NULL,'2019-03-08 08:29:12','2019-03-08 08:29:12','7016811896314fb9a64858b316e5834a',2),('ceda7d963eb44b11af63e7d227ae4a1f','11111101013','021DE67C13C2052DDE649BAFA17A256A','',NULL,'2019-04-01 01:47:09','2019-04-01 01:47:09','9406458f654b4a3aa380fa645ec66fbf',2),('cf0fa6fc027b444cb08feb50222b289b','18080808080','27CB20F5D776956DBB3E81006E2156F9','',NULL,'2019-03-08 08:29:34','2019-03-08 08:29:34','7016811896314fb9a64858b316e5834a',2),('deb57452bf4e4f088ba9c8288af9bd48','18883169085','73913228B9F36034B168273E6328A081','',NULL,'2019-03-13 13:46:58','2019-03-14 10:05:29','7a3a4a129de04edea45a2a92a44145e3',1),('e440267d1c26438fb54e641bbe7d5958','15178767305','E10ADC3949BA59ABBE56E057F20F883E','',NULL,'2019-03-22 08:11:04','2019-03-22 08:12:36','c79a41bdc49541b6b54b06ac96afda02',1),('e6556f8bf3f8441492be79e03323fbb5','11111101010','B39138118BC666EAB892194429680866','',NULL,'2019-04-01 01:46:24','2019-04-01 01:46:24','9406458f654b4a3aa380fa645ec66fbf',2),('edbc94b2b878400ead891f7b7f56dcb2','15111111111','2AA38CA6E4786A544773FFE217B9BE06','',NULL,'2019-03-22 08:40:13','2019-03-22 08:40:13','c79a41bdc49541b6b54b06ac96afda02',2),('f9d019a5f502415fbb652f4cc58bd68f','18426459020','900150983CD24FB0D6963F7D28E17F72','',NULL,'2019-03-06 02:40:33','2019-03-06 02:48:41','9406458f654b4a3aa380fa645ec66fbf',1),('fc11905a8d154b49b3c641077d29f3a8','16060606060','E10ADC3949BA59ABBE56E057F20F883E','',NULL,'2019-03-08 06:22:29','2019-03-08 06:45:42','7016811896314fb9a64858b316e5834a',2);
/*!40000 ALTER TABLE `users` ENABLE KEYS */;
UNLOCK TABLES;

--
-- Dumping events for database 'athena_decorate_progress'
--

--
-- Dumping routines for database 'athena_decorate_progress'
--
/*!40103 SET TIME_ZONE=@OLD_TIME_ZONE */;

/*!40101 SET SQL_MODE=@OLD_SQL_MODE */;
/*!40014 SET FOREIGN_KEY_CHECKS=@OLD_FOREIGN_KEY_CHECKS */;
/*!40014 SET UNIQUE_CHECKS=@OLD_UNIQUE_CHECKS */;
/*!40101 SET CHARACTER_SET_CLIENT=@OLD_CHARACTER_SET_CLIENT */;
/*!40101 SET CHARACTER_SET_RESULTS=@OLD_CHARACTER_SET_RESULTS */;
/*!40101 SET COLLATION_CONNECTION=@OLD_COLLATION_CONNECTION */;
/*!40111 SET SQL_NOTES=@OLD_SQL_NOTES */;

-- Dump completed on 2019-04-08 17:39:26
